DateTime,Silver-INR,Silver-USD
10-02-1995 00:00,149.32596,4.76
13-02-1995 00:00,148.36118,4.73
14-02-1995 00:00,149.31168,4.76
15-02-1995 00:00,148.67484,4.74
16-02-1995 00:00,148.33753,4.73
17-02-1995 00:00,149.65398,4.77
20-02-1995 00:00,150.41704,4.78
21-02-1995 00:00,148.76016,4.74
22-02-1995 00:00,151.52676,4.83
23-02-1995 00:00,150.90413,4.81
24-02-1995 00:00,145.37274,4.63
27-02-1995 00:00,140.95008,4.49
28-02-1995 00:00,142.02292,4.52
01-03-1995 00:00,137.58894,4.38
02-03-1995 00:00,139.43868,4.43
03-03-1995 00:00,137.9884,4.4
06-03-1995 00:00,142.57152,4.48
07-03-1995 00:00,149.55941,4.69
08-03-1995 00:00,144.7082,4.55
09-03-1995 00:00,145.9987,4.61
10-03-1995 00:00,145.82889,4.59
13-03-1995 00:00,149.74974,4.71
14-03-1995 00:00,149.6104,4.7
15-03-1995 00:00,149.05975,4.75
16-03-1995 00:00,148.73958,4.73
17-03-1995 00:00,148.53619,4.73
20-03-1995 00:00,147.70217,4.69
21-03-1995 00:00,144.8034,4.6
22-03-1995 00:00,146.76795,4.65
23-03-1995 00:00,148.14772,4.69
24-03-1995 00:00,146.07516,4.62
27-03-1995 00:00,146.0613,4.62
28-03-1995 00:00,149.51856,4.74
29-03-1995 00:00,149.88764,4.76
30-03-1995 00:00,162.89546,5.18
31-03-1995 00:00,166.22767,5.29
03-04-1995 00:00,166.44456,5.29
04-04-1995 00:00,166.12187,5.29
05-04-1995 00:00,171.02272,5.44
06-04-1995 00:00,169.09858,5.42
07-04-1995 00:00,168.63411,5.37
10-04-1995 00:00,164.48884,5.24
11-04-1995 00:00,167.71338,5.34
12-04-1995 00:00,166.9416,5.32
13-04-1995 00:00,168.06816,5.36
14-04-1995 00:00,170.9011,5.45
17-04-1995 00:00,178.70583,5.69
18-04-1995 00:00,189.25758,6.03
19-04-1995 00:00,180.8352,5.76
20-04-1995 00:00,178.87084,5.69
21-04-1995 00:00,178.4656,5.68
24-04-1995 00:00,177.724,5.66
25-04-1995 00:00,179.1798,5.71
26-04-1995 00:00,175.4142,5.59
27-04-1995 00:00,183.27672,5.84
28-04-1995 00:00,179.88256,5.72
01-05-1995 00:00,183.59208,5.84
02-05-1995 00:00,185.73948,5.91
03-05-1995 00:00,188.21179,5.99
04-05-1995 00:00,190.97888,6.08
05-05-1995 00:00,189.7768,6.04
08-05-1995 00:00,187.44606,5.97
09-05-1995 00:00,172.667,5.5
10-05-1995 00:00,170.36144,5.42
11-05-1995 00:00,167.14347,5.33
12-05-1995 00:00,167.23952,5.32
15-05-1995 00:00,170.72463,5.43
16-05-1995 00:00,170.1445,5.41
17-05-1995 00:00,168.74151,5.37
18-05-1995 00:00,170.06876,5.41
19-05-1995 00:00,169.00194,5.38
22-05-1995 00:00,166.14303,5.29
23-05-1995 00:00,169.7658,5.41
24-05-1995 00:00,172.99196,5.51
25-05-1995 00:00,171.8127,5.47
26-05-1995 00:00,170.79424,5.44
29-05-1995 00:00,172.2503,5.47
30-05-1995 00:00,165.97375,5.29
31-05-1995 00:00,166.5525,5.3
01-06-1995 00:00,168.04885,5.35
02-06-1995 00:00,164.44689,5.23
05-06-1995 00:00,167.01076,5.32
06-06-1995 00:00,166.06897,5.29
07-06-1995 00:00,168.3308,5.36
08-06-1995 00:00,166.76586,5.31
09-06-1995 00:00,171.20085,5.45
12-06-1995 00:00,168.66096,5.37
13-06-1995 00:00,167.94185,5.35
14-06-1995 00:00,166.70745,5.31
15-06-1995 00:00,170.7888,5.44
16-06-1995 00:00,170.15006,5.42
19-06-1995 00:00,172.34757,5.49
20-06-1995 00:00,171.71971,5.47
21-06-1995 00:00,171.37848,5.46
22-06-1995 00:00,168.4569,5.37
23-06-1995 00:00,168.23968,5.36
26-06-1995 00:00,166.261,5.3
27-06-1995 00:00,167.13281,5.33
28-06-1995 00:00,164.536,5.24
29-06-1995 00:00,166.84551,5.31
30-06-1995 00:00,158.26104,5.04
03-07-1995 00:00,159.56788,5.08
04-07-1995 00:00,159.73035,5.07
05-07-1995 00:00,158.73726,5.06
06-07-1995 00:00,160.34158,5.11
07-07-1995 00:00,161.93628,5.16
10-07-1995 00:00,161.5452,5.15
11-07-1995 00:00,162.00852,5.16
12-07-1995 00:00,164.34212,5.24
13-07-1995 00:00,163.1084,5.2
14-07-1995 00:00,164.3526,5.24
17-07-1995 00:00,167.84555,5.35
18-07-1995 00:00,166.915,5.32
19-07-1995 00:00,163.2124,5.2
20-07-1995 00:00,160.95375,5.13
21-07-1995 00:00,163.0928,5.2
24-07-1995 00:00,162.40854,5.18
25-07-1995 00:00,161.88468,5.16
26-07-1995 00:00,163.1812,5.2
27-07-1995 00:00,160.0023,5.1
28-07-1995 00:00,159.12702,5.07
31-07-1995 00:00,158.42736,5.04
01-08-1995 00:00,162.153,5.16
02-08-1995 00:00,160.54598,5.11
03-08-1995 00:00,162.0756,5.16
04-08-1995 00:00,162.42072,5.17
07-08-1995 00:00,163.488,5.2
08-08-1995 00:00,166.00848,5.28
09-08-1995 00:00,165.82055,5.27
10-08-1995 00:00,166.9995,5.31
11-08-1995 00:00,165.41648,5.26
14-08-1995 00:00,169.42158,5.38
15-08-1995 00:00,168.4394,5.35
16-08-1995 00:00,170.04028,5.38
17-08-1995 00:00,177.85733,5.63
18-08-1995 00:00,180.0402,5.7
21-08-1995 00:00,183.3438,5.8
22-08-1995 00:00,178.97486,5.66
23-08-1995 00:00,178.72596,5.64
24-08-1995 00:00,178.1752,5.6
25-08-1995 00:00,177.5928,5.6
28-08-1995 00:00,178.97452,5.62
29-08-1995 00:00,174.23591,5.47
30-08-1995 00:00,167.83369,5.27
31-08-1995 00:00,170.1591,5.34
01-09-1995 00:00,169.46334,5.31
04-09-1995 00:00,169.1442,5.3
05-09-1995 00:00,169.73932,5.24
06-09-1995 00:00,172.08438,5.33
07-09-1995 00:00,175.18432,5.44
08-09-1995 00:00,173.55342,5.38
11-09-1995 00:00,178.87113,5.51
12-09-1995 00:00,180.50952,5.52
13-09-1995 00:00,178.56555,5.43
14-09-1995 00:00,187.94496,5.52
15-09-1995 00:00,185.772,5.48
18-09-1995 00:00,187.5456,5.55
19-09-1995 00:00,186.4225,5.5
20-09-1995 00:00,183.72405,5.43
21-09-1995 00:00,186.9285,5.5
22-09-1995 00:00,183.57744,5.43
25-09-1995 00:00,184.92192,5.44
26-09-1995 00:00,186.19884,5.49
27-09-1995 00:00,185.1213,5.46
28-09-1995 00:00,186.9725,5.5
29-09-1995 00:00,185.89804,5.48
02-10-1995 00:00,180.07803,5.31
03-10-1995 00:00,179.29397,5.29
04-10-1995 00:00,180.5454,5.34
05-10-1995 00:00,179.6647,5.3
06-10-1995 00:00,182.01615,5.37
09-10-1995 00:00,184.72775,5.45
10-10-1995 00:00,183.98469,5.43
11-10-1995 00:00,183.85437,5.43
12-10-1995 00:00,182.86653,5.39
13-10-1995 00:00,184.7492,5.38
16-10-1995 00:00,184.70526,5.34
17-10-1995 00:00,186.0723,5.34
18-10-1995 00:00,186.7578,5.35
19-10-1995 00:00,187.0297,5.33
20-10-1995 00:00,191.14832,5.36
23-10-1995 00:00,190.6954,5.35
24-10-1995 00:00,190.46,5.35
25-10-1995 00:00,193.29171,5.43
26-10-1995 00:00,192.90322,5.42
27-10-1995 00:00,188.4519,5.31
30-10-1995 00:00,185.9637,5.33
31-10-1995 00:00,183.07656,5.34
01-11-1995 00:00,183.67821,5.31
02-11-1995 00:00,183.8317,5.33
03-11-1995 00:00,183.5101,5.29
06-11-1995 00:00,183.54336,5.28
07-11-1995 00:00,185.456,5.36
08-11-1995 00:00,184.07848,5.36
09-11-1995 00:00,185.7176,5.38
10-11-1995 00:00,187.91936,5.44
13-11-1995 00:00,183.90708,5.32
14-11-1995 00:00,183.97624,5.32
15-11-1995 00:00,184.61448,5.34
16-11-1995 00:00,185.14664,5.32
17-11-1995 00:00,185.98664,5.36
20-11-1995 00:00,186.26025,5.35
21-11-1995 00:00,184.15548,5.29
22-11-1995 00:00,180.75732,5.19
23-11-1995 00:00,181.33926,5.21
24-11-1995 00:00,182.70308,5.24
27-11-1995 00:00,182.25108,5.22
28-11-1995 00:00,182.61591,5.23
29-11-1995 00:00,180.82862,5.18
30-11-1995 00:00,182.54269,5.23
01-12-1995 00:00,181.61,5.2
04-12-1995 00:00,181.5736,5.2
05-12-1995 00:00,182.6926,5.24
06-12-1995 00:00,182.8575,5.25
07-12-1995 00:00,182.55112,5.24
08-12-1995 00:00,182.35026,5.22
11-12-1995 00:00,181.45388,5.21
12-12-1995 00:00,180.30375,5.17
13-12-1995 00:00,178.9696,5.12
14-12-1995 00:00,179.73552,5.14
15-12-1995 00:00,179.37045,5.13
18-12-1995 00:00,180.87245,5.17
19-12-1995 00:00,179.76122,5.14
20-12-1995 00:00,180.7949,5.17
21-12-1995 00:00,180.3427,5.15
22-12-1995 00:00,180.4968,5.16
26-12-1995 00:00,181.0017,5.17
27-12-1995 00:00,180.53325,5.15
28-12-1995 00:00,180.99675,5.15
29-12-1995 00:00,182.19096,5.18
02-01-1996 00:00,187.92528,5.34
03-01-1996 00:00,188.35745,5.35
04-01-1996 00:00,189.98394,5.38
05-01-1996 00:00,195.59016,5.52
08-01-1996 00:00,198.22285,5.53
09-01-1996 00:00,198.31686,5.53
10-01-1996 00:00,200.09405,5.59
11-01-1996 00:00,197.0265,5.5
12-01-1996 00:00,194.63232,5.44
15-01-1996 00:00,194.0631,5.42
16-01-1996 00:00,196.41676,5.47
17-01-1996 00:00,196.82748,5.49
18-01-1996 00:00,194.85555,5.43
19-01-1996 00:00,195.3232,5.44
22-01-1996 00:00,199.63994,5.57
23-01-1996 00:00,198.1104,5.54
24-01-1996 00:00,196.71768,5.49
25-01-1996 00:00,200.4936,5.56
26-01-1996 00:00,199.08984,5.52
29-01-1996 00:00,198.64824,5.52
30-01-1996 00:00,200.17128,5.54
31-01-1996 00:00,203.0822,5.57
01-02-1996 00:00,212.3264,5.8
02-02-1996 00:00,213.60564,5.82
05-02-1996 00:00,219.42942,5.79
06-02-1996 00:00,216.84672,5.76
07-02-1996 00:00,211.88104,5.68
08-02-1996 00:00,211.97748,5.72
09-02-1996 00:00,209.0839,5.65
12-02-1996 00:00,208.77315,5.65
13-02-1996 00:00,209.92972,5.72
14-02-1996 00:00,208.82576,5.72
15-02-1996 00:00,205.92851,5.63
16-02-1996 00:00,208.43784,5.71
19-02-1996 00:00,208.69479,5.71
20-02-1996 00:00,202.60888,5.54
21-02-1996 00:00,204.1443,5.58
22-02-1996 00:00,201.96576,5.52
23-02-1996 00:00,197.53525,5.45
26-02-1996 00:00,196.09084,5.48
27-02-1996 00:00,194.65542,5.47
28-02-1996 00:00,193.39549,5.51
29-02-1996 00:00,190.22724,5.51
01-03-1996 00:00,189.4695,5.5
04-03-1996 00:00,185.66933,5.39
05-03-1996 00:00,182.56926,5.37
06-03-1996 00:00,183.22666,5.38
07-03-1996 00:00,184.89693,5.43
08-03-1996 00:00,186.96744,5.49
11-03-1996 00:00,187.21449,5.49
12-03-1996 00:00,189.23835,5.55
13-03-1996 00:00,191.33466,5.61
14-03-1996 00:00,189.90358,5.57
15-03-1996 00:00,191.47986,5.59
18-03-1996 00:00,193.1289,5.55
19-03-1996 00:00,194.02248,5.52
20-03-1996 00:00,196.55712,5.56
21-03-1996 00:00,194.08917,5.61
22-03-1996 00:00,194.235,5.63
25-03-1996 00:00,192.29265,5.63
26-03-1996 00:00,193.49414,5.69
27-03-1996 00:00,193.94235,5.67
28-03-1996 00:00,188.45853,5.51
29-03-1996 00:00,187.66896,5.52
01-04-1996 00:00,188.56194,5.53
02-04-1996 00:00,187.2915,5.5
03-04-1996 00:00,188.52456,5.52
04-04-1996 00:00,185.26102,5.42
05-04-1996 00:00,185.70057,5.43
08-04-1996 00:00,187.26862,5.54
09-04-1996 00:00,186.72108,5.46
10-04-1996 00:00,187.93368,5.49
11-04-1996 00:00,190.03308,5.54
12-04-1996 00:00,188.72852,5.51
15-04-1996 00:00,187.70644,5.48
16-04-1996 00:00,181.2547,5.3
17-04-1996 00:00,181.57545,5.31
18-04-1996 00:00,180.85584,5.28
19-04-1996 00:00,180.4975,5.27
22-04-1996 00:00,182.54184,5.33
23-04-1996 00:00,182.17276,5.32
24-04-1996 00:00,181.0162,5.3
25-04-1996 00:00,183.96009,5.37
26-04-1996 00:00,180.23927,5.27
29-04-1996 00:00,179.15888,5.23
30-04-1996 00:00,184.03476,5.32
01-05-1996 00:00,187.02222,5.39
02-05-1996 00:00,186.54251,5.39
03-05-1996 00:00,187.96288,5.44
06-05-1996 00:00,188.40276,5.46
07-05-1996 00:00,189.64107,5.49
08-05-1996 00:00,187.9248,5.44
09-05-1996 00:00,189.44526,5.42
10-05-1996 00:00,189.1011,5.35
13-05-1996 00:00,189.57174,5.37
14-05-1996 00:00,187.72972,5.38
15-05-1996 00:00,187.25399,5.39
16-05-1996 00:00,186.83352,5.36
17-05-1996 00:00,187.08833,5.33
20-05-1996 00:00,184.96646,5.27
21-05-1996 00:00,185.11826,5.29
22-05-1996 00:00,186.85194,5.34
23-05-1996 00:00,186.17872,5.32
24-05-1996 00:00,186.732,5.32
27-05-1996 00:00,186.74264,5.32
28-05-1996 00:00,188.12528,5.36
29-05-1996 00:00,184.44972,5.32
30-05-1996 00:00,187.25889,5.33
31-05-1996 00:00,188.56376,5.39
03-06-1996 00:00,187.3056,5.37
04-06-1996 00:00,181.3864,5.2
05-06-1996 00:00,179.76924,5.16
06-06-1996 00:00,180.24516,5.21
07-06-1996 00:00,179.2539,5.18
10-06-1996 00:00,179.22282,5.18
11-06-1996 00:00,177.06661,5.11
12-06-1996 00:00,176.33287,5.09
13-06-1996 00:00,176.26076,5.08
14-06-1996 00:00,180.08781,5.19
17-06-1996 00:00,180.11376,5.19
18-06-1996 00:00,180.4348,5.2
19-06-1996 00:00,178.04178,5.13
20-06-1996 00:00,178.358,5.14
21-06-1996 00:00,178.09586,5.14
24-06-1996 00:00,179.09328,5.16
25-06-1996 00:00,179.0262,5.16
26-06-1996 00:00,175.94421,5.07
27-06-1996 00:00,174.45504,5.02
28-06-1996 00:00,175.49028,5.01
01-07-1996 00:00,177.61106,5.06
02-07-1996 00:00,177.2301,5.1
03-07-1996 00:00,177.59805,5.11
04-07-1996 00:00,178.3536,5.09
05-07-1996 00:00,176.85004,5.08
08-07-1996 00:00,177.00755,5.05
09-07-1996 00:00,178.4949,5.1
10-07-1996 00:00,178.86533,5.11
11-07-1996 00:00,180.59139,5.13
12-07-1996 00:00,179.6864,5.12
15-07-1996 00:00,182.60355,5.15
16-07-1996 00:00,175.95765,4.95
17-07-1996 00:00,176.79424,4.96
18-07-1996 00:00,177.62903,4.99
19-07-1996 00:00,175.85184,4.96
22-07-1996 00:00,177.09348,5.01
23-07-1996 00:00,175.30128,4.96
24-07-1996 00:00,177.09849,5.01
25-07-1996 00:00,176.90548,4.99
26-07-1996 00:00,180.5655,5.1
29-07-1996 00:00,179.97993,5.07
30-07-1996 00:00,179.18901,5.07
31-07-1996 00:00,181.96114,5.14
01-08-1996 00:00,180.63339,5.11
02-08-1996 00:00,179.58308,5.08
05-08-1996 00:00,179.22957,5.07
06-08-1996 00:00,178.05697,5.03
07-08-1996 00:00,178.40592,5.04
08-08-1996 00:00,180.95459,5.09
09-08-1996 00:00,178.93512,5.04
12-08-1996 00:00,179.49828,5.07
13-08-1996 00:00,180.16564,5.09
14-08-1996 00:00,178.73465,5.05
15-08-1996 00:00,180.17073,5.09
16-08-1996 00:00,180.20127,5.09
19-08-1996 00:00,184.40795,5.21
20-08-1996 00:00,184.16829,5.21
21-08-1996 00:00,183.41344,5.18
22-08-1996 00:00,185.12108,5.23
23-08-1996 00:00,184.47047,5.21
26-08-1996 00:00,187.21296,5.28
27-08-1996 00:00,186.59025,5.25
28-08-1996 00:00,184.13864,5.18
29-08-1996 00:00,183.9855,5.19
30-08-1996 00:00,183.6569,5.18
02-09-1996 00:00,183.6569,5.18
03-09-1996 00:00,183.13872,5.16
04-09-1996 00:00,183.78833,5.17
05-09-1996 00:00,182.73214,5.14
06-09-1996 00:00,181.504,5.12
09-09-1996 00:00,180.09616,5.08
10-09-1996 00:00,180.43541,5.09
11-09-1996 00:00,180.11648,5.08
12-09-1996 00:00,178.50116,5.02
13-09-1996 00:00,178.79135,5.03
16-09-1996 00:00,179.31035,5.05
17-09-1996 00:00,178.87968,5.04
18-09-1996 00:00,179.99514,5.07
19-09-1996 00:00,175.2615,4.93
20-09-1996 00:00,172.1459,4.85
23-09-1996 00:00,172.65611,4.87
24-09-1996 00:00,174.03986,4.91
25-09-1996 00:00,173.6903,4.9
26-09-1996 00:00,172.63176,4.87
27-09-1996 00:00,174.03986,4.91
30-09-1996 00:00,172.25784,4.86
01-10-1996 00:00,173.36517,4.89
02-10-1996 00:00,173.6805,4.9
03-10-1996 00:00,173.07666,4.89
04-10-1996 00:00,172.04886,4.86
07-10-1996 00:00,172.98624,4.88
08-10-1996 00:00,173.01064,4.88
09-10-1996 00:00,175.46265,4.95
10-10-1996 00:00,179.172,5.04
11-10-1996 00:00,178.67304,5.04
14-10-1996 00:00,177.96402,5.02
15-10-1996 00:00,178.83159,5.03
16-10-1996 00:00,178.38606,5.01
17-10-1996 00:00,173.57055,4.89
18-10-1996 00:00,174.2307,4.89
21-10-1996 00:00,174.4386,4.92
22-10-1996 00:00,176.15171,4.97
23-10-1996 00:00,176.44991,4.97
24-10-1996 00:00,174.55541,4.91
25-10-1996 00:00,174.39432,4.92
28-10-1996 00:00,174.66984,4.92
29-10-1996 00:00,170.90274,4.82
30-10-1996 00:00,170.8449,4.82
31-10-1996 00:00,170.424,4.8
01-11-1996 00:00,169.77676,4.79
04-11-1996 00:00,170.8608,4.8
05-11-1996 00:00,170.71081,4.79
06-11-1996 00:00,167.37592,4.72
07-11-1996 00:00,171.56348,4.84
08-11-1996 00:00,172.85092,4.84
11-11-1996 00:00,174.63657,4.89
12-11-1996 00:00,173.24,4.88
13-11-1996 00:00,174.93,4.9
14-11-1996 00:00,172.65515,4.85
15-11-1996 00:00,175.60712,4.94
18-11-1996 00:00,174.32361,4.89
19-11-1996 00:00,172.9716,4.88
20-11-1996 00:00,175.49814,4.93
21-11-1996 00:00,172.8734,4.85
22-11-1996 00:00,172.9122,4.85
25-11-1996 00:00,168.35425,4.75
26-11-1996 00:00,169.1285,4.75
27-11-1996 00:00,169.22274,4.74
28-11-1996 00:00,168.86573,4.73
29-11-1996 00:00,168.51816,4.72
02-12-1996 00:00,167.21257,4.69
03-12-1996 00:00,170.37354,4.78
04-12-1996 00:00,172.43068,4.82
05-12-1996 00:00,173.4845,4.85
06-12-1996 00:00,170.30808,4.77
09-12-1996 00:00,171.07128,4.77
10-12-1996 00:00,173.19414,4.83
11-12-1996 00:00,172.42134,4.83
12-12-1996 00:00,172.074,4.82
13-12-1996 00:00,172.3391,4.82
16-12-1996 00:00,171.5808,4.8
17-12-1996 00:00,173.42145,4.85
18-12-1996 00:00,173.6009,4.85
19-12-1996 00:00,173.63,4.85
20-12-1996 00:00,172.5078,4.82
23-12-1996 00:00,172.8174,4.83
24-12-1996 00:00,172.74444,4.84
25-12-1996 00:00,172.74444,4.84
26-12-1996 00:00,174.52899,4.89
27-12-1996 00:00,174.78816,4.89
30-12-1996 00:00,171.45805,4.79
31-12-1996 00:00,170.51319,4.77
01-01-1997 00:00,170.87066,4.78
02-01-1997 00:00,168.87234,4.71
03-01-1997 00:00,167.44752,4.67
06-01-1997 00:00,165.86975,4.63
07-01-1997 00:00,168.4151,4.7
08-01-1997 00:00,166.51185,4.65
09-01-1997 00:00,169.24976,4.72
10-01-1997 00:00,170.0405,4.75
13-01-1997 00:00,168.2976,4.7
14-01-1997 00:00,166.74878,4.66
15-01-1997 00:00,167.13463,4.67
16-01-1997 00:00,168.858,4.72
17-01-1997 00:00,170.72307,4.77
20-01-1997 00:00,169.51847,4.73
21-01-1997 00:00,168.65568,4.71
22-01-1997 00:00,168.97128,4.72
23-01-1997 00:00,173.8665,4.86
24-01-1997 00:00,177.94091,4.97
27-01-1997 00:00,180.44208,5.04
28-01-1997 00:00,177.20505,4.95
29-01-1997 00:00,176.48414,4.93
30-01-1997 00:00,176.56302,4.93
31-01-1997 00:00,176.48414,4.93
03-02-1997 00:00,175.4004,4.9
04-02-1997 00:00,173.727,4.85
05-02-1997 00:00,174.31191,4.87
06-02-1997 00:00,173.2478,4.84
07-02-1997 00:00,176.82236,4.94
10-02-1997 00:00,177.3882,4.95
11-02-1997 00:00,173.47528,4.84
12-02-1997 00:00,183.41376,5.12
13-02-1997 00:00,183.56224,5.12
14-02-1997 00:00,188.3595,5.25
17-02-1997 00:00,186.5344,5.2
18-02-1997 00:00,186.86034,5.22
19-02-1997 00:00,185.13253,5.17
20-02-1997 00:00,187.22354,5.23
21-02-1997 00:00,186.4356,5.2
24-02-1997 00:00,186.394,5.2
25-02-1997 00:00,186.86556,5.22
26-02-1997 00:00,186.2328,5.2
27-02-1997 00:00,187.58676,5.24
28-02-1997 00:00,190.18296,5.31
03-03-1997 00:00,189.06096,5.28
04-03-1997 00:00,187.06914,5.22
05-03-1997 00:00,186.108,5.2
06-03-1997 00:00,185.81238,5.19
07-03-1997 00:00,185.01879,5.17
10-03-1997 00:00,187.21831,5.23
11-03-1997 00:00,188.47632,5.26
12-03-1997 00:00,186.2016,5.2
13-03-1997 00:00,188.9976,5.28
14-03-1997 00:00,187.866,5.25
17-03-1997 00:00,186.3524,5.2
18-03-1997 00:00,185.31865,5.17
19-03-1997 00:00,187.1631,5.22
20-03-1997 00:00,186.12897,5.19
21-03-1997 00:00,184.05312,5.14
24-03-1997 00:00,185.30314,5.17
25-03-1997 00:00,182.8656,5.1
26-03-1997 00:00,184.3597,5.15
27-03-1997 00:00,183.88998,5.13
28-03-1997 00:00,183.88998,5.13
31-03-1997 00:00,181.13788,5.06
01-04-1997 00:00,179.165,5
02-04-1997 00:00,173.97828,4.86
03-04-1997 00:00,169.74888,4.74
04-04-1997 00:00,169.8342,4.74
07-04-1997 00:00,171.13356,4.78
08-04-1997 00:00,171.21482,4.78
09-04-1997 00:00,171.19092,4.78
10-04-1997 00:00,171.48679,4.79
11-04-1997 00:00,169.23467,4.73
14-04-1997 00:00,168.98544,4.72
15-04-1997 00:00,168.88632,4.72
16-04-1997 00:00,171.23292,4.79
17-04-1997 00:00,168.70696,4.72
18-04-1997 00:00,168.39192,4.71
21-04-1997 00:00,170.04148,4.76
22-04-1997 00:00,168.84681,4.73
23-04-1997 00:00,169.218,4.74
24-04-1997 00:00,167.54087,4.69
25-04-1997 00:00,169.03128,4.73
28-04-1997 00:00,165.0033,4.62
29-04-1997 00:00,166.11195,4.65
30-04-1997 00:00,166.97772,4.68
01-05-1997 00:00,169.33176,4.74
02-05-1997 00:00,168.20352,4.71
05-05-1997 00:00,169.84575,4.75
06-05-1997 00:00,169.01848,4.72
07-05-1997 00:00,169.93848,4.74
08-05-1997 00:00,173.08788,4.83
09-05-1997 00:00,174.0852,4.86
12-05-1997 00:00,172.6042,4.82
13-05-1997 00:00,174.76256,4.88
14-05-1997 00:00,172.97196,4.83
15-05-1997 00:00,173.26716,4.84
16-05-1997 00:00,167.46912,4.68
19-05-1997 00:00,168.1848,4.7
20-05-1997 00:00,168.49554,4.71
21-05-1997 00:00,167.70502,4.69
22-05-1997 00:00,167.28192,4.68
23-05-1997 00:00,168.88938,4.73
26-05-1997 00:00,169.18737,4.73
27-05-1997 00:00,169.97875,4.75
28-05-1997 00:00,169.18737,4.73
29-05-1997 00:00,172.75944,4.83
30-05-1997 00:00,168.0297,4.7
02-06-1997 00:00,168.50496,4.71
03-06-1997 00:00,169.86,4.75
04-06-1997 00:00,168.69752,4.72
05-06-1997 00:00,171.5376,4.8
06-06-1997 00:00,171.5808,4.8
09-06-1997 00:00,170.14144,4.76
10-06-1997 00:00,170.11764,4.76
11-06-1997 00:00,170.25568,4.76
12-06-1997 00:00,168.98544,4.72
13-06-1997 00:00,168.1284,4.7
16-06-1997 00:00,168.53322,4.71
17-06-1997 00:00,171.31435,4.79
18-06-1997 00:00,168.1754,4.7
19-06-1997 00:00,170.77554,4.77
20-06-1997 00:00,169.22048,4.73
23-06-1997 00:00,172.28608,4.82
24-06-1997 00:00,170.69445,4.77
25-06-1997 00:00,171.01406,4.78
26-06-1997 00:00,170.22712,4.76
27-06-1997 00:00,168.0673,4.7
30-06-1997 00:00,165.55491,4.63
01-07-1997 00:00,166.27005,4.65
02-07-1997 00:00,165.48083,4.63
03-07-1997 00:00,162.6352,4.55
04-07-1997 00:00,162.27322,4.54
07-07-1997 00:00,153.0742,4.28
08-07-1997 00:00,154.42272,4.32
09-07-1997 00:00,154.24992,4.32
10-07-1997 00:00,156.10514,4.37
11-07-1997 00:00,155.52992,4.36
14-07-1997 00:00,152.22123,4.27
15-07-1997 00:00,153.2692,4.3
16-07-1997 00:00,150.22543,4.21
17-07-1997 00:00,151.99254,4.26
18-07-1997 00:00,152.63764,4.28
21-07-1997 00:00,151.83066,4.26
22-07-1997 00:00,153.64288,4.31
23-07-1997 00:00,152.92134,4.29
24-07-1997 00:00,152.91705,4.29
25-07-1997 00:00,154.47275,4.33
28-07-1997 00:00,155.89975,4.37
29-07-1997 00:00,154.81214,4.34
30-07-1997 00:00,156.26088,4.38
31-07-1997 00:00,159.79264,4.48
01-08-1997 00:00,159.57453,4.47
04-08-1997 00:00,160.28851,4.49
05-08-1997 00:00,154.71666,4.34
06-08-1997 00:00,154.8512,4.34
07-08-1997 00:00,156.64398,4.39
08-08-1997 00:00,156.70105,4.39
11-08-1997 00:00,158.7493,4.45
12-08-1997 00:00,158.286,4.44
13-08-1997 00:00,161.26004,4.52
14-08-1997 00:00,157.76748,4.42
15-08-1997 00:00,163.22669,4.57
18-08-1997 00:00,161.26004,4.52
19-08-1997 00:00,161.28716,4.52
20-08-1997 00:00,161.48957,4.51
21-08-1997 00:00,163.76856,4.53
22-08-1997 00:00,168.48,4.68
25-08-1997 00:00,167.57359,4.63
26-08-1997 00:00,169.37856,4.68
27-08-1997 00:00,168.95762,4.66
28-08-1997 00:00,169.64709,4.67
29-08-1997 00:00,168.90195,4.65
01-09-1997 00:00,169.26518,4.66
02-09-1997 00:00,168.50988,4.62
03-09-1997 00:00,170.00201,4.67
04-09-1997 00:00,170.31456,4.68
05-09-1997 00:00,171.84104,4.72
08-09-1997 00:00,171.4195,4.69
09-09-1997 00:00,173.65525,4.75
10-09-1997 00:00,172.77774,4.74
11-09-1997 00:00,173.394,4.75
12-09-1997 00:00,173.23068,4.76
15-09-1997 00:00,172.51704,4.74
16-09-1997 00:00,166.73032,4.58
17-09-1997 00:00,167.57811,4.61
18-09-1997 00:00,169.4743,4.67
19-09-1997 00:00,171.36904,4.72
22-09-1997 00:00,169.65468,4.68
23-09-1997 00:00,169.75924,4.69
24-09-1997 00:00,171.99275,4.75
25-09-1997 00:00,172.5341,4.78
26-09-1997 00:00,174.00682,4.82
29-09-1997 00:00,183.98823,5.09
30-09-1997 00:00,188.28419,5.21
01-10-1997 00:00,186.26052,5.16
02-10-1997 00:00,186.36372,5.16
03-10-1997 00:00,190.59744,5.28
06-10-1997 00:00,187.98,5.2
07-10-1997 00:00,187.65483,5.19
08-10-1997 00:00,188.91806,5.23
09-10-1997 00:00,185.12384,5.12
10-10-1997 00:00,188.2608,5.2
13-10-1997 00:00,186.4506,5.15
14-10-1997 00:00,184.23255,5.09
15-10-1997 00:00,183.4326,5.07
16-10-1997 00:00,178.4167,4.93
17-10-1997 00:00,179.41312,4.96
20-10-1997 00:00,178.81812,4.94
21-10-1997 00:00,179.6655,4.97
22-10-1997 00:00,181.99546,5.03
23-10-1997 00:00,178.88234,4.94
24-10-1997 00:00,173.0121,4.78
27-10-1997 00:00,173.976,4.8
28-10-1997 00:00,174.6527,4.82
29-10-1997 00:00,174.2256,4.8
30-10-1997 00:00,176.73408,4.88
31-10-1997 00:00,172.56275,4.75
03-11-1997 00:00,175.94368,4.84
04-11-1997 00:00,176.055,4.85
05-11-1997 00:00,176.81509,4.87
06-11-1997 00:00,178.74855,4.91
07-11-1997 00:00,177.49689,4.87
10-11-1997 00:00,178.35424,4.88
11-11-1997 00:00,180.18164,4.93
12-11-1997 00:00,179.6193,4.9
13-11-1997 00:00,188.65856,5.14
14-11-1997 00:00,186.78773,5.09
17-11-1997 00:00,189.4861,5.14
18-11-1997 00:00,190.63877,5.11
19-11-1997 00:00,195.59677,5.23
20-11-1997 00:00,196.476,5.25
21-11-1997 00:00,205.06715,5.45
24-11-1997 00:00,205.0164,5.4
25-11-1997 00:00,200.823,5.25
26-11-1997 00:00,202.19966,5.26
27-11-1997 00:00,202.2207,5.26
28-11-1997 00:00,204.0288,5.3
01-12-1997 00:00,207.4844,5.3
02-12-1997 00:00,208.90402,5.33
03-12-1997 00:00,208.16262,5.31
04-12-1997 00:00,205.10688,5.28
05-12-1997 00:00,209.2716,5.4
08-12-1997 00:00,209.6928,5.4
09-12-1997 00:00,212.08278,5.46
10-12-1997 00:00,228.16752,5.88
11-12-1997 00:00,227.9516,5.8
12-12-1997 00:00,231.06048,5.88
15-12-1997 00:00,233.87052,5.91
16-12-1997 00:00,234.65682,5.97
17-12-1997 00:00,234.60906,5.97
18-12-1997 00:00,237.22655,6.05
19-12-1997 00:00,236.6276,6.05
22-12-1997 00:00,235.14722,6.02
23-12-1997 00:00,243.33504,6.24
24-12-1997 00:00,248.23304,6.38
25-12-1997 00:00,248.23304,6.38
26-12-1997 00:00,247.45488,6.36
29-12-1997 00:00,247.52199,6.33
30-12-1997 00:00,243.43088,6.16
31-12-1997 00:00,234.209,5.99
01-01-1998 00:00,232.645,5.95
02-01-1998 00:00,233.8108,5.96
05-01-1998 00:00,232.62048,5.92
06-01-1998 00:00,239.32482,6.09
07-01-1998 00:00,238.54077,6.03
08-01-1998 00:00,229.29558,5.79
09-01-1998 00:00,224.11902,5.66
12-01-1998 00:00,218.7515,5.5
13-01-1998 00:00,227.29226,5.71
14-01-1998 00:00,228.44568,5.71
15-01-1998 00:00,235.37526,5.87
16-01-1998 00:00,231.451,5.83
19-01-1998 00:00,223.698,5.75
20-01-1998 00:00,222.31254,5.73
21-01-1998 00:00,225.85095,5.85
22-01-1998 00:00,222.67584,5.77
23-01-1998 00:00,228.29314,5.93
26-01-1998 00:00,229.99204,5.99
27-01-1998 00:00,235.34848,6.17
28-01-1998 00:00,235.24111,6.11
29-01-1998 00:00,233.21655,6.09
30-01-1998 00:00,239.4078,6.22
02-02-1998 00:00,245.43408,6.34
03-02-1998 00:00,260.598,6.76
04-02-1998 00:00,281.82336,7.28
05-02-1998 00:00,293.38386,7.59
06-02-1998 00:00,279.03684,7.24
09-02-1998 00:00,269.801,7
10-02-1998 00:00,277.45749,7.17
11-02-1998 00:00,272.89493,7.07
12-02-1998 00:00,272.46135,7.05
13-02-1998 00:00,275.218,7.13
16-02-1998 00:00,273.6246,7.05
17-02-1998 00:00,263.4388,6.8
18-02-1998 00:00,255.38886,6.59
19-02-1998 00:00,264.55462,6.82
20-02-1998 00:00,253.67352,6.54
23-02-1998 00:00,253.22554,6.46
24-02-1998 00:00,248.62155,6.35
25-02-1998 00:00,236.32776,6.03
26-02-1998 00:00,242.92655,6.19
27-02-1998 00:00,254.31408,6.48
02-03-1998 00:00,259.69213,6.59
03-03-1998 00:00,251.97048,6.39
04-03-1998 00:00,250.4694,6.35
05-03-1998 00:00,251.25828,6.37
06-03-1998 00:00,239.57076,6.07
09-03-1998 00:00,239.43115,6.07
10-03-1998 00:00,248.5413,6.3
11-03-1998 00:00,242.14932,6.14
12-03-1998 00:00,244.5962,6.2
13-03-1998 00:00,241.90372,6.14
16-03-1998 00:00,240.9988,6.1
17-03-1998 00:00,231.17114,5.86
18-03-1998 00:00,235.52247,5.97
19-03-1998 00:00,235.47471,5.97
20-03-1998 00:00,245.32605,6.21
23-03-1998 00:00,255.0201,6.45
24-03-1998 00:00,253.06039,6.41
25-03-1998 00:00,246.18048,6.24
26-03-1998 00:00,249.74382,6.33
27-03-1998 00:00,250.60275,6.35
30-03-1998 00:00,250.13836,6.34
31-03-1998 00:00,256.62,6.5
01-04-1998 00:00,250.85748,6.36
02-04-1998 00:00,258.77888,6.56
03-04-1998 00:00,260.4228,6.6
06-04-1998 00:00,252.9088,6.4
07-04-1998 00:00,253.52191,6.41
08-04-1998 00:00,253.99143,6.43
09-04-1998 00:00,252.71186,6.43
10-04-1998 00:00,253.4979,6.45
13-04-1998 00:00,252.38583,6.39
14-04-1998 00:00,248.5791,6.3
15-04-1998 00:00,250.9672,6.32
16-04-1998 00:00,249.9966,6.3
17-04-1998 00:00,248.0525,6.26
20-04-1998 00:00,247.1664,6.24
21-04-1998 00:00,250.41104,6.32
22-04-1998 00:00,249.5872,6.29
23-04-1998 00:00,249.57462,6.29
24-04-1998 00:00,247.95,6.25
27-04-1998 00:00,244.81943,6.17
28-04-1998 00:00,244.99836,6.17
29-04-1998 00:00,246.97754,6.22
30-04-1998 00:00,246.85936,6.22
01-05-1998 00:00,243.25066,6.13
04-05-1998 00:00,247.75296,6.24
05-05-1998 00:00,242.79307,6.11
06-05-1998 00:00,234.84567,5.91
07-05-1998 00:00,236.94576,5.96
08-05-1998 00:00,236.94576,5.96
11-05-1998 00:00,227.67582,5.73
12-05-1998 00:00,222.13542,5.59
13-05-1998 00:00,219.8175,5.53
14-05-1998 00:00,226.12668,5.59
15-05-1998 00:00,225.65184,5.57
18-05-1998 00:00,213.90336,5.28
19-05-1998 00:00,208.82004,5.16
20-05-1998 00:00,211.77839,5.23
21-05-1998 00:00,215.66748,5.32
22-05-1998 00:00,214.13064,5.27
25-05-1998 00:00,215.53773,5.27
26-05-1998 00:00,208.77784,5.08
27-05-1998 00:00,213.66464,5.18
28-05-1998 00:00,208.0408,5.03
29-05-1998 00:00,211.22482,5.09
01-06-1998 00:00,210.89679,5.07
02-06-1998 00:00,216.0837,5.18
03-06-1998 00:00,217.1468,5.2
04-06-1998 00:00,217.78766,5.23
05-06-1998 00:00,220.2288,5.28
08-06-1998 00:00,226.8654,5.43
09-06-1998 00:00,224.45696,5.33
10-06-1998 00:00,225.081,5.34
11-06-1998 00:00,217.75716,5.16
12-06-1998 00:00,214.91622,5.13
15-06-1998 00:00,214.51805,5.09
16-06-1998 00:00,218.96091,5.19
17-06-1998 00:00,225.12,5.36
18-06-1998 00:00,221.22508,5.26
19-06-1998 00:00,226.11459,5.37
22-06-1998 00:00,227.07399,5.33
23-06-1998 00:00,227.97528,5.34
24-06-1998 00:00,224.11282,5.26
25-06-1998 00:00,228.04656,5.36
26-06-1998 00:00,226.17945,5.31
29-06-1998 00:00,225.89252,5.32
30-06-1998 00:00,233.46288,5.52
01-07-1998 00:00,230.92524,5.46
02-07-1998 00:00,226.3118,5.33
03-07-1998 00:00,226.36794,5.34
06-07-1998 00:00,225.56268,5.32
07-07-1998 00:00,228.54678,5.39
08-07-1998 00:00,226.8432,5.34
09-07-1998 00:00,226.38196,5.32
10-07-1998 00:00,224.31187,5.29
13-07-1998 00:00,226.05744,5.32
14-07-1998 00:00,225.69093,5.31
15-07-1998 00:00,226.68834,5.34
16-07-1998 00:00,225.81272,5.32
17-07-1998 00:00,227.0861,5.35
20-07-1998 00:00,231.33615,5.45
21-07-1998 00:00,233.98176,5.52
22-07-1998 00:00,239.86514,5.66
23-07-1998 00:00,246.1636,5.8
24-07-1998 00:00,242.2386,5.7
27-07-1998 00:00,239.63796,5.64
28-07-1998 00:00,240.3236,5.66
29-07-1998 00:00,236.31858,5.58
30-07-1998 00:00,233.8545,5.5
31-07-1998 00:00,230.73156,5.43
03-08-1998 00:00,227.3322,5.35
04-08-1998 00:00,231.07488,5.44
05-08-1998 00:00,228.9762,5.4
06-08-1998 00:00,230.17114,5.42
07-08-1998 00:00,224.02243,5.27
10-08-1998 00:00,226.30216,5.32
11-08-1998 00:00,221.05886,5.17
12-08-1998 00:00,220.99764,5.16
13-08-1998 00:00,222.37074,5.19
14-08-1998 00:00,222.0864,5.16
17-08-1998 00:00,220.38919,5.11
18-08-1998 00:00,219.54114,5.07
19-08-1998 00:00,220.29657,5.07
20-08-1998 00:00,218.93165,5.15
21-08-1998 00:00,219.68364,5.17
24-08-1998 00:00,217.49148,5.13
25-08-1998 00:00,213.55368,5.03
26-08-1998 00:00,209.8701,4.95
27-08-1998 00:00,206.52696,4.87
28-08-1998 00:00,198.08728,4.66
31-08-1998 00:00,197.59332,4.66
01-09-1998 00:00,202.49604,4.77
02-09-1998 00:00,205.04316,4.83
03-09-1998 00:00,209.05665,4.93
04-09-1998 00:00,213.10536,5.01
07-09-1998 00:00,213.95608,5.03
08-09-1998 00:00,208.3088,4.9
09-09-1998 00:00,209.5743,4.93
10-09-1998 00:00,213.23176,5.03
11-09-1998 00:00,213.31988,5.02
14-09-1998 00:00,210.13245,4.95
15-09-1998 00:00,210.0879,4.95
16-09-1998 00:00,208.58832,4.92
17-09-1998 00:00,211.60095,4.99
18-09-1998 00:00,210.72064,4.96
21-09-1998 00:00,205.9989,4.85
22-09-1998 00:00,206.8876,4.88
23-09-1998 00:00,213.65428,5.03
24-09-1998 00:00,218.6278,5.15
25-09-1998 00:00,219.07296,5.16
28-09-1998 00:00,223.75893,5.27
29-09-1998 00:00,226.59925,5.35
30-09-1998 00:00,226.7009,5.35
01-10-1998 00:00,223.77758,5.29
02-10-1998 00:00,219.6688,5.2
05-10-1998 00:00,214.43058,5.07
06-10-1998 00:00,215.9646,5.1
07-10-1998 00:00,216.46035,5.13
08-10-1998 00:00,211.63242,5.01
09-10-1998 00:00,202.60263,4.79
12-10-1998 00:00,204.29451,4.83
13-10-1998 00:00,204.27036,4.83
14-10-1998 00:00,203.24174,4.81
15-10-1998 00:00,207.30511,4.91
16-10-1998 00:00,208.70018,4.94
19-10-1998 00:00,205.68224,4.88
20-10-1998 00:00,206.16536,4.88
21-10-1998 00:00,206.12144,4.88
22-10-1998 00:00,206.058,4.88
23-10-1998 00:00,205.2135,4.86
26-10-1998 00:00,210.2805,4.98
27-10-1998 00:00,208.9395,4.95
28-10-1998 00:00,212.72328,5.04
29-10-1998 00:00,214.46607,5.07
30-10-1998 00:00,213.1668,5.04
02-11-1998 00:00,212.07994,5.02
03-11-1998 00:00,208.2432,4.93
04-11-1998 00:00,208.6656,4.94
05-11-1998 00:00,212.6684,5.03
06-11-1998 00:00,211.54224,5.01
09-11-1998 00:00,212.94,5.04
10-11-1998 00:00,210.71772,4.99
11-11-1998 00:00,210.71772,4.99
12-11-1998 00:00,216.82458,5.13
13-11-1998 00:00,212.75391,5.03
16-11-1998 00:00,208.59816,4.93
17-11-1998 00:00,208.81015,4.93
18-11-1998 00:00,210.74291,4.97
19-11-1998 00:00,210.31888,4.96
20-11-1998 00:00,207.4072,4.9
23-11-1998 00:00,208.184,4.91
24-11-1998 00:00,207.3849,4.89
25-11-1998 00:00,209.1306,4.93
26-11-1998 00:00,208.9032,4.92
27-11-1998 00:00,208.9032,4.92
30-11-1998 00:00,206.222,4.85
01-12-1998 00:00,207.8636,4.88
02-12-1998 00:00,200.0696,4.7
03-12-1998 00:00,202.9635,4.77
04-12-1998 00:00,202.9158,4.77
07-12-1998 00:00,203.92467,4.79
08-12-1998 00:00,204.3552,4.8
09-12-1998 00:00,203.40812,4.78
10-12-1998 00:00,204.264,4.8
11-12-1998 00:00,203.84803,4.79
14-12-1998 00:00,207.65864,4.88
15-12-1998 00:00,207.67328,4.88
16-12-1998 00:00,215.31818,5.06
17-12-1998 00:00,210.5433,4.95
18-12-1998 00:00,210.6126,4.95
21-12-1998 00:00,208.4901,4.9
22-12-1998 00:00,208.8714,4.91
23-12-1998 00:00,208.5097,4.9
24-12-1998 00:00,209.38044,4.92
25-12-1998 00:00,209.38044,4.92
28-12-1998 00:00,209.38044,4.92
29-12-1998 00:00,214.03153,5.03
30-12-1998 00:00,213.96614,5.03
31-12-1998 00:00,213.18434,5.02
01-01-1999 00:00,214.45835,5.05
04-01-1999 00:00,209.77643,4.93
05-01-1999 00:00,213.97117,5.03
06-01-1999 00:00,218.8544,5.15
07-01-1999 00:00,222.15994,5.23
08-01-1999 00:00,224.41056,5.28
11-01-1999 00:00,226.95534,5.34
12-01-1999 00:00,221.87088,5.22
13-01-1999 00:00,220.46082,5.19
14-01-1999 00:00,219.70432,5.17
15-01-1999 00:00,217.31328,5.12
18-01-1999 00:00,217.5744,5.12
19-01-1999 00:00,217.56928,5.12
20-01-1999 00:00,218.86985,5.15
21-01-1999 00:00,216.7194,5.1
22-01-1999 00:00,216.34536,5.09
25-01-1999 00:00,219.81806,5.17
26-01-1999 00:00,217.00637,5.11
27-01-1999 00:00,216.21302,5.09
28-01-1999 00:00,221.8239,5.22
29-01-1999 00:00,222.26454,5.23
01-02-1999 00:00,225.68562,5.31
02-02-1999 00:00,232.07184,5.46
03-02-1999 00:00,234.2688,5.52
04-02-1999 00:00,243.77206,5.74
05-02-1999 00:00,239.40672,5.64
08-02-1999 00:00,238.09962,5.61
09-02-1999 00:00,233.442,5.5
10-02-1999 00:00,232.51092,5.48
11-02-1999 00:00,235.6419,5.55
12-02-1999 00:00,241.38864,5.68
15-02-1999 00:00,243.2385,5.73
16-02-1999 00:00,231.44515,5.45
17-02-1999 00:00,230.49807,5.43
18-02-1999 00:00,233.96011,5.51
19-02-1999 00:00,238.83586,5.63
22-02-1999 00:00,232.65522,5.49
23-02-1999 00:00,232.53284,5.48
24-02-1999 00:00,229.77,5.4
25-02-1999 00:00,237.1149,5.57
26-02-1999 00:00,240.41789,5.63
01-03-1999 00:00,235.5331,5.54
02-03-1999 00:00,225.87656,5.32
03-03-1999 00:00,222.8834,5.24
04-03-1999 00:00,223.56052,5.26
05-03-1999 00:00,221.0572,5.2
08-03-1999 00:00,223.82976,5.28
09-03-1999 00:00,222.58472,5.24
10-03-1999 00:00,223.70623,5.27
11-03-1999 00:00,226.52814,5.34
12-03-1999 00:00,224.9638,5.3
15-03-1999 00:00,216.3981,5.1
16-03-1999 00:00,213.38769,5.03
17-03-1999 00:00,213.38769,5.03
18-03-1999 00:00,212.55426,5.01
19-03-1999 00:00,214.1705,5.05
22-03-1999 00:00,216.67933,5.11
23-03-1999 00:00,216.69977,5.11
24-03-1999 00:00,215.50884,5.08
25-03-1999 00:00,216.70999,5.11
26-03-1999 00:00,215.83636,5.09
29-03-1999 00:00,216.2655,5.1
30-03-1999 00:00,212.55426,5.01
31-03-1999 00:00,210.44784,4.96
01-04-1999 00:00,213.00362,5.02
02-04-1999 00:00,212.155,5
05-04-1999 00:00,208.62768,4.92
06-04-1999 00:00,211.78208,4.96
07-04-1999 00:00,211.50928,4.96
08-04-1999 00:00,209.0683,4.9
09-04-1999 00:00,210.73052,4.94
12-04-1999 00:00,209.73556,4.91
13-04-1999 00:00,210.36936,4.92
14-04-1999 00:00,208.20224,4.87
15-04-1999 00:00,214.45806,5.01
16-04-1999 00:00,215.6148,5.05
19-04-1999 00:00,220.6775,5.15
20-04-1999 00:00,219.44601,5.13
21-04-1999 00:00,220.86348,5.16
22-04-1999 00:00,221.90883,5.19
23-04-1999 00:00,220.45605,5.15
26-04-1999 00:00,218.74888,5.11
27-04-1999 00:00,221.31736,5.17
28-04-1999 00:00,224.7525,5.25
29-04-1999 00:00,230.75129,5.39
30-04-1999 00:00,231.093,5.4
03-05-1999 00:00,229.14,5.36
04-05-1999 00:00,227.02374,5.31
05-05-1999 00:00,229.42251,5.37
06-05-1999 00:00,229.55676,5.37
07-05-1999 00:00,231.29373,5.41
10-05-1999 00:00,230.8824,5.4
11-05-1999 00:00,230.24463,5.39
12-05-1999 00:00,229.37418,5.37
13-05-1999 00:00,236.4075,5.53
14-05-1999 00:00,229.70712,5.37
17-05-1999 00:00,229.49232,5.37
18-05-1999 00:00,226.8963,5.31
19-05-1999 00:00,225.09751,5.27
20-05-1999 00:00,225.98351,5.29
21-05-1999 00:00,221.68047,5.19
24-05-1999 00:00,215.27352,5.04
25-05-1999 00:00,215.93295,5.05
26-05-1999 00:00,215.9136,5.04
27-05-1999 00:00,213.81525,4.95
28-05-1999 00:00,209.91808,4.88
31-05-1999 00:00,210.81708,4.92
01-06-1999 00:00,213.27761,4.97
02-06-1999 00:00,213.40683,4.97
03-06-1999 00:00,211.56109,4.93
04-06-1999 00:00,211.61039,4.93
07-06-1999 00:00,213.68515,4.97
08-06-1999 00:00,212.55338,4.94
09-06-1999 00:00,216.65216,5.03
10-06-1999 00:00,219.11432,5.09
11-06-1999 00:00,219.5091,5.1
14-06-1999 00:00,220.1364,5.1
15-06-1999 00:00,216.8138,5.02
16-06-1999 00:00,216.64814,5.02
17-06-1999 00:00,217.63985,5.05
18-06-1999 00:00,213.54795,4.95
21-06-1999 00:00,215.78,5
22-06-1999 00:00,217.28091,5.03
23-06-1999 00:00,220.17304,5.09
24-06-1999 00:00,221.49295,5.11
25-06-1999 00:00,219.73887,5.07
28-06-1999 00:00,222.99376,5.14
29-06-1999 00:00,224.39351,5.17
30-06-1999 00:00,227.76075,5.25
01-07-1999 00:00,228.19458,5.26
02-07-1999 00:00,231.2154,5.33
05-07-1999 00:00,227.53708,5.26
06-07-1999 00:00,224.57649,5.19
07-07-1999 00:00,225.8535,5.21
08-07-1999 00:00,226.64196,5.22
09-07-1999 00:00,226.16172,5.22
12-07-1999 00:00,225.765,5.22
13-07-1999 00:00,221.42464,5.12
14-07-1999 00:00,218.88042,5.06
15-07-1999 00:00,220.17304,5.09
16-07-1999 00:00,219.37383,5.07
19-07-1999 00:00,217.28091,5.03
20-07-1999 00:00,218.2408,5.05
21-07-1999 00:00,220.91041,5.11
22-07-1999 00:00,221.8725,5.13
23-07-1999 00:00,222.40266,5.14
26-07-1999 00:00,222.24699,5.13
27-07-1999 00:00,223.59828,5.16
28-07-1999 00:00,226.50084,5.23
29-07-1999 00:00,233.9982,5.4
30-07-1999 00:00,235.37421,5.43
02-08-1999 00:00,232.33992,5.36
03-08-1999 00:00,235.79136,5.44
04-08-1999 00:00,237.76624,5.48
05-08-1999 00:00,234.83187,5.41
06-08-1999 00:00,234.26018,5.39
09-08-1999 00:00,230.54427,5.31
10-08-1999 00:00,230.53365,5.31
11-08-1999 00:00,233.38557,5.37
12-08-1999 00:00,231.68658,5.34
13-08-1999 00:00,229.70767,5.29
16-08-1999 00:00,227.1912,5.23
17-08-1999 00:00,227.6256,5.24
18-08-1999 00:00,226.0128,5.2
19-08-1999 00:00,225.28856,5.18
20-08-1999 00:00,227.24748,5.22
23-08-1999 00:00,222.34632,5.11
24-08-1999 00:00,223.00672,5.12
25-08-1999 00:00,220.96984,5.08
26-08-1999 00:00,222.30033,5.11
27-08-1999 00:00,222.14703,5.11
30-08-1999 00:00,221.31829,5.09
31-08-1999 00:00,223.93745,5.15
01-09-1999 00:00,222.6176,5.12
02-09-1999 00:00,226.2624,5.2
03-09-1999 00:00,222.29522,5.11
06-09-1999 00:00,223.16526,5.13
07-09-1999 00:00,225.33518,5.18
08-09-1999 00:00,224.84847,5.17
09-09-1999 00:00,226.2676,5.2
10-09-1999 00:00,225.72348,5.19
13-09-1999 00:00,223.97865,5.15
14-09-1999 00:00,222.77632,5.12
15-09-1999 00:00,220.65654,5.07
16-09-1999 00:00,222.054,5.1
17-09-1999 00:00,221.57788,5.09
20-09-1999 00:00,221.60842,5.09
21-09-1999 00:00,228.23344,5.24
22-09-1999 00:00,229.09404,5.26
23-09-1999 00:00,228.543,5.25
24-09-1999 00:00,227.24226,5.22
27-09-1999 00:00,232.0149,5.33
28-09-1999 00:00,250.51025,5.75
29-09-1999 00:00,243.22104,5.58
30-09-1999 00:00,242.67376,5.57
01-10-1999 00:00,243.42192,5.58
04-10-1999 00:00,245.18374,5.62
05-10-1999 00:00,241.2739,5.53
06-10-1999 00:00,240.19192,5.51
07-10-1999 00:00,242.1658,5.56
08-10-1999 00:00,239.89368,5.52
11-10-1999 00:00,239.45909,5.51
12-10-1999 00:00,240.32827,5.53
13-10-1999 00:00,242.08334,5.57
14-10-1999 00:00,231.9963,5.34
15-10-1999 00:00,230.79915,5.31
18-10-1999 00:00,227.07614,5.23
19-10-1999 00:00,225.04878,5.19
20-10-1999 00:00,224.85344,5.18
21-10-1999 00:00,225.7736,5.2
22-10-1999 00:00,226.97154,5.23
25-10-1999 00:00,226.96631,5.23
26-10-1999 00:00,224.31596,5.17
27-10-1999 00:00,225.39132,5.19
28-10-1999 00:00,228.29452,5.26
29-10-1999 00:00,225.26157,5.19
01-11-1999 00:00,225.25638,5.19
02-11-1999 00:00,225.6176,5.2
03-11-1999 00:00,226.05148,5.21
04-11-1999 00:00,225.5708,5.2
05-11-1999 00:00,219.95688,5.07
08-11-1999 00:00,218.65032,5.04
09-11-1999 00:00,220.3958,5.08
10-11-1999 00:00,222.09536,5.12
11-11-1999 00:00,220.79402,5.09
12-11-1999 00:00,219.10435,5.05
15-11-1999 00:00,220.38056,5.08
16-11-1999 00:00,223.18908,5.14
17-11-1999 00:00,220.85001,5.09
18-11-1999 00:00,222.96292,5.14
19-11-1999 00:00,221.66669,5.11
22-11-1999 00:00,224.3263,5.17
23-11-1999 00:00,228.21036,5.26
24-11-1999 00:00,226.55322,5.22
25-11-1999 00:00,225.28752,5.19
26-11-1999 00:00,225.24081,5.19
29-11-1999 00:00,224.32113,5.17
30-11-1999 00:00,225.7164,5.2
01-12-1999 00:00,224.16603,5.17
02-12-1999 00:00,220.40088,5.08
03-12-1999 00:00,221.2788,5.1
06-12-1999 00:00,221.4573,5.1
07-12-1999 00:00,223.29702,5.14
08-12-1999 00:00,222.30528,5.12
09-12-1999 00:00,221.4267,5.1
10-12-1999 00:00,222.41792,5.12
13-12-1999 00:00,222.67904,5.12
14-12-1999 00:00,225.39216,5.18
15-12-1999 00:00,225.30928,5.18
16-12-1999 00:00,226.0544,5.2
17-12-1999 00:00,226.55164,5.21
20-12-1999 00:00,225.67158,5.19
21-12-1999 00:00,223.89625,5.15
22-12-1999 00:00,226.95516,5.22
23-12-1999 00:00,226.0908,5.2
24-12-1999 00:00,225.20568,5.18
27-12-1999 00:00,226.7512,5.2
28-12-1999 00:00,226.99503,5.19
29-12-1999 00:00,233.15464,5.36
30-12-1999 00:00,234.36,5.4
31-12-1999 00:00,234.873,5.4
03-01-2000 00:00,231.8628,5.34
04-01-2000 00:00,231.3753,5.33
05-01-2000 00:00,223.716,5.15
06-01-2000 00:00,221.9273,5.11
07-01-2000 00:00,223.613,5.15
10-01-2000 00:00,222.7446,5.13
11-01-2000 00:00,223.7675,5.15
12-01-2000 00:00,221.1605,5.09
13-01-2000 00:00,221.595,5.1
14-01-2000 00:00,221.595,5.1
17-01-2000 00:00,221.952,5.1
18-01-2000 00:00,222.5405,5.11
19-01-2000 00:00,222.1828,5.11
20-01-2000 00:00,226.2,5.2
21-01-2000 00:00,226.2,5.2
24-01-2000 00:00,228.028,5.23
25-01-2000 00:00,228.375,5.25
26-01-2000 00:00,226.2,5.2
27-01-2000 00:00,232.2366,5.34
28-01-2000 00:00,228.6375,5.25
31-01-2000 00:00,228.202,5.24
01-02-2000 00:00,225.7962,5.18
02-02-2000 00:00,225.1535,5.17
03-02-2000 00:00,227.3832,5.22
04-02-2000 00:00,239.525,5.5
07-02-2000 00:00,227.4876,5.22
08-02-2000 00:00,229.336,5.26
09-02-2000 00:00,232.3968,5.34
10-02-2000 00:00,232.6104,5.34
11-02-2000 00:00,229.5612,5.27
14-02-2000 00:00,227.0518,5.21
15-02-2000 00:00,226.668,5.2
16-02-2000 00:00,228.6375,5.25
17-02-2000 00:00,226.7913,5.21
18-02-2000 00:00,228.028,5.23
21-02-2000 00:00,227.49804,5.22
22-02-2000 00:00,228.6375,5.25
23-02-2000 00:00,227.4876,5.22
24-02-2000 00:00,223.847,5.14
25-02-2000 00:00,219.744,5.04
28-02-2000 00:00,219.8265,5.05
29-02-2000 00:00,220.363,5.06
01-03-2000 00:00,221.234,5.08
02-03-2000 00:00,218.37,5.02
03-03-2000 00:00,222.105,5.1
06-03-2000 00:00,220.363,5.06
07-03-2000 00:00,220.545,5.07
08-03-2000 00:00,221.1324,5.08
09-03-2000 00:00,221.5677,5.09
10-03-2000 00:00,219.675,5.05
13-03-2000 00:00,220.363,5.06
14-03-2000 00:00,221.6186,5.09
15-03-2000 00:00,222.285,5.11
16-03-2000 00:00,221.3356,5.08
17-03-2000 00:00,221.4659,5.09
20-03-2000 00:00,218.37,5.02
21-03-2000 00:00,222.054,5.1
22-03-2000 00:00,222.285,5.11
23-03-2000 00:00,220.6464,5.07
24-03-2000 00:00,221.415,5.09
27-03-2000 00:00,221.4372,5.08
28-03-2000 00:00,219.675,5.05
29-03-2000 00:00,215.424,4.95
30-03-2000 00:00,215.0382,4.94
31-03-2000 00:00,217.75,5
03-04-2000 00:00,218.83184,5.02
04-04-2000 00:00,223.232,5.12
05-04-2000 00:00,221.6186,5.09
06-04-2000 00:00,222.105,5.1
07-04-2000 00:00,221.3356,5.08
10-04-2000 00:00,223.0272,5.12
11-04-2000 00:00,222.105,5.1
12-04-2000 00:00,222.105,5.1
13-04-2000 00:00,224.0012,5.14
14-04-2000 00:00,223.5654,5.13
17-04-2000 00:00,221.8731,5.09
18-04-2000 00:00,222.105,5.1
19-04-2000 00:00,221.924,5.09
20-04-2000 00:00,216.256,4.96
21-04-2000 00:00,216.4048,4.96
24-04-2000 00:00,214.948,4.93
25-04-2000 00:00,217.564,4.99
26-04-2000 00:00,214.948,4.93
27-04-2000 00:00,215.2852,4.94
28-04-2000 00:00,216.256,4.96
01-05-2000 00:00,218.5362,5.01
02-05-2000 00:00,218.436,5.01
03-05-2000 00:00,217.9,5
04-05-2000 00:00,222.0258,5.09
05-05-2000 00:00,216.879,4.98
08-05-2000 00:00,217.75,5
09-05-2000 00:00,219.0226,5.02
10-05-2000 00:00,219.5,5
11-05-2000 00:00,218.562,4.99
12-05-2000 00:00,218.8115,4.99
15-05-2000 00:00,219.3105,4.99
16-05-2000 00:00,222.8265,5.07
17-05-2000 00:00,218.0836,4.97
18-05-2000 00:00,218.9612,4.99
19-05-2000 00:00,217.7936,4.96
22-05-2000 00:00,218.7216,4.98
23-05-2000 00:00,219.3105,4.99
24-05-2000 00:00,218.488,4.96
25-05-2000 00:00,215.6,4.9
26-05-2000 00:00,217.513,4.91
29-05-2000 00:00,218.7432,4.92
30-05-2000 00:00,217.805,4.9
31-05-2000 00:00,218.495,4.91
01-06-2000 00:00,218.05,4.9
02-06-2000 00:00,221.61,4.98
05-06-2000 00:00,223.446,5.01
06-06-2000 00:00,225.129,5.05
07-06-2000 00:00,225.929,5.06
08-06-2000 00:00,225.23,5.05
09-06-2000 00:00,224.143,5.02
12-06-2000 00:00,223.25,5
13-06-2000 00:00,223.053,4.99
14-06-2000 00:00,225.634,5.05
15-06-2000 00:00,224.784,5.04
16-06-2000 00:00,225.3815,5.05
19-06-2000 00:00,223.446,5.01
20-06-2000 00:00,223,5
21-06-2000 00:00,220.77,4.95
22-06-2000 00:00,220.5225,4.95
23-06-2000 00:00,220.324,4.94
26-06-2000 00:00,221.216,4.96
27-06-2000 00:00,220.2252,4.94
28-06-2000 00:00,221.8608,4.97
29-06-2000 00:00,222.554,4.99
30-06-2000 00:00,223.892,5.02
03-07-2000 00:00,222.554,4.99
04-07-2000 00:00,222.3072,4.98
05-07-2000 00:00,221.8608,4.97
06-07-2000 00:00,222.4068,4.98
07-07-2000 00:00,221.3648,4.96
10-07-2000 00:00,221.662,4.97
11-07-2000 00:00,220.77,4.95
12-07-2000 00:00,221.216,4.96
13-07-2000 00:00,221.3648,4.96
14-07-2000 00:00,222.7037,4.99
17-07-2000 00:00,223.4,5
18-07-2000 00:00,223.8468,5.01
19-07-2000 00:00,221.712,4.96
20-07-2000 00:00,222.7554,4.97
21-07-2000 00:00,219.5304,4.92
24-07-2000 00:00,219.878,4.93
25-07-2000 00:00,222.9045,4.97
26-07-2000 00:00,221.2132,4.94
27-07-2000 00:00,221.76,4.95
28-07-2000 00:00,221.8095,4.95
31-07-2000 00:00,223.851,4.98
01-08-2000 00:00,223.65,4.97
02-08-2000 00:00,224.8925,4.97
03-08-2000 00:00,223.74,4.95
04-08-2000 00:00,221.97,4.9
07-08-2000 00:00,223.7616,4.92
08-08-2000 00:00,223.3263,4.89
09-08-2000 00:00,222.1864,4.88
10-08-2000 00:00,223.4552,4.88
11-08-2000 00:00,223.93,4.9
14-08-2000 00:00,221.859,4.86
15-08-2000 00:00,221.257,4.85
16-08-2000 00:00,220.8492,4.84
17-08-2000 00:00,222.3725,4.85
18-08-2000 00:00,220.8276,4.83
21-08-2000 00:00,220.462,4.84
22-08-2000 00:00,219.792,4.82
23-08-2000 00:00,218.0844,4.77
24-08-2000 00:00,221.4555,4.83
25-08-2000 00:00,222.9486,4.87
28-08-2000 00:00,224.077,4.9
29-08-2000 00:00,224.844,4.92
30-08-2000 00:00,224.077,4.9
31-08-2000 00:00,226.7216,4.96
01-09-2000 00:00,226.672,4.96
04-09-2000 00:00,226.116,4.95
05-09-2000 00:00,225.4616,4.94
06-09-2000 00:00,225.264,4.94
07-09-2000 00:00,223.195,4.9
08-09-2000 00:00,222.7395,4.89
11-09-2000 00:00,221.5188,4.86
12-09-2000 00:00,222.04,4.88
13-09-2000 00:00,221.13,4.86
14-09-2000 00:00,222.3155,4.87
15-09-2000 00:00,221.645,4.85
18-09-2000 00:00,222.8575,4.85
19-09-2000 00:00,224.775,4.86
20-09-2000 00:00,222.684,4.82
21-09-2000 00:00,222.2755,4.85
22-09-2000 00:00,224.724,4.88
25-09-2000 00:00,224.6955,4.89
26-09-2000 00:00,225.4,4.9
27-09-2000 00:00,226.6814,4.93
28-09-2000 00:00,225.828,4.92
29-09-2000 00:00,223.074,4.86
02-10-2000 00:00,223.8739,4.87
03-10-2000 00:00,224.236,4.88
04-10-2000 00:00,222.4948,4.84
05-10-2000 00:00,223.4142,4.86
06-10-2000 00:00,223.7058,4.86
09-10-2000 00:00,223.7544,4.86
10-10-2000 00:00,225.2608,4.88
11-10-2000 00:00,224.9208,4.86
12-10-2000 00:00,226.331,4.9
13-10-2000 00:00,225.0666,4.86
16-10-2000 00:00,224.2155,4.85
17-10-2000 00:00,222.9045,4.83
18-10-2000 00:00,223.4841,4.83
19-10-2000 00:00,223.0214,4.82
20-10-2000 00:00,223.166,4.82
23-10-2000 00:00,220.388,4.76
24-10-2000 00:00,221.6486,4.78
25-10-2000 00:00,220.6944,4.74
26-10-2000 00:00,220.2288,4.73
27-10-2000 00:00,221.3106,4.74
30-10-2000 00:00,219.8104,4.72
31-10-2000 00:00,221.3167,4.73
01-11-2000 00:00,221.825,4.75
02-11-2000 00:00,219.396,4.7
03-11-2000 00:00,220.1342,4.73
06-11-2000 00:00,221.16,4.75
07-11-2000 00:00,219.3918,4.71
08-11-2000 00:00,220.0464,4.72
09-11-2000 00:00,220.7491,4.73
10-11-2000 00:00,218.4156,4.68
13-11-2000 00:00,217.622,4.66
14-11-2000 00:00,217.7618,4.66
15-11-2000 00:00,217.7618,4.66
16-11-2000 00:00,217.4805,4.65
17-11-2000 00:00,216.8272,4.64
20-11-2000 00:00,216.2673,4.63
21-11-2000 00:00,215.8926,4.62
22-11-2000 00:00,216.0312,4.62
23-11-2000 00:00,215.6097,4.61
24-11-2000 00:00,215.748,4.61
27-11-2000 00:00,218.79,4.68
28-11-2000 00:00,219.6327,4.69
29-11-2000 00:00,216.216,4.62
30-11-2000 00:00,218.9772,4.68
01-12-2000 00:00,217.152,4.64
04-12-2000 00:00,220.2396,4.71
05-12-2000 00:00,219.9099,4.71
06-12-2000 00:00,222.7113,4.77
07-12-2000 00:00,220.8437,4.73
08-12-2000 00:00,217.2015,4.65
11-12-2000 00:00,217.622,4.66
12-12-2000 00:00,217.6687,4.67
13-12-2000 00:00,216.2673,4.63
14-12-2000 00:00,215.3331,4.61
15-12-2000 00:00,213.4647,4.57
18-12-2000 00:00,214.2612,4.59
19-12-2000 00:00,214.0317,4.59
20-12-2000 00:00,214.59,4.6
21-12-2000 00:00,214.0776,4.59
22-12-2000 00:00,214.8721,4.61
25-12-2000 00:00,215.0104,4.61
26-12-2000 00:00,215.8043,4.63
27-12-2000 00:00,214.1235,4.59
28-12-2000 00:00,213.657,4.58
29-12-2000 00:00,213.9399,4.59
02-01-2001 00:00,212.6784,4.56
03-01-2001 00:00,209.925,4.5
04-01-2001 00:00,211.9272,4.54
05-01-2001 00:00,212.724,4.56
08-01-2001 00:00,212.5872,4.56
09-01-2001 00:00,212.3592,4.56
10-01-2001 00:00,211.4278,4.54
11-01-2001 00:00,212.3592,4.56
12-01-2001 00:00,214.7838,4.62
15-01-2001 00:00,213.762,4.6
16-01-2001 00:00,217.0149,4.67
17-01-2001 00:00,218.4498,4.71
18-01-2001 00:00,221.9686,4.79
19-01-2001 00:00,220.02,4.75
22-01-2001 00:00,221.3618,4.78
23-01-2001 00:00,221.2662,4.78
24-01-2001 00:00,220.4832,4.76
25-01-2001 00:00,222.3997,4.79
26-01-2001 00:00,222.864,4.8
29-01-2001 00:00,222.864,4.8
30-01-2001 00:00,222.864,4.8
31-01-2001 00:00,221.9354,4.78
01-02-2001 00:00,221.792,4.78
02-02-2001 00:00,220.626,4.76
05-02-2001 00:00,216.918,4.68
06-02-2001 00:00,215.388,4.65
07-02-2001 00:00,213.7657,4.61
08-02-2001 00:00,210.8925,4.55
09-02-2001 00:00,210.7468,4.54
12-02-2001 00:00,211.3475,4.55
13-02-2001 00:00,211.575,4.55
14-02-2001 00:00,209.8954,4.51
15-02-2001 00:00,210.2252,4.52
16-02-2001 00:00,208.2752,4.48
19-02-2001 00:00,209.205,4.5
20-02-2001 00:00,205.7952,4.42
21-02-2001 00:00,205.2855,4.41
22-02-2001 00:00,205.5742,4.42
23-02-2001 00:00,206.1722,4.43
26-02-2001 00:00,206.7708,4.44
27-02-2001 00:00,205.8836,4.42
28-02-2001 00:00,207.8103,4.47
01-03-2001 00:00,204.556,4.4
02-03-2001 00:00,205.0209,4.41
05-03-2001 00:00,205.3532,4.42
06-03-2001 00:00,205.3532,4.42
07-03-2001 00:00,206.3268,4.44
08-03-2001 00:00,209.115,4.5
09-03-2001 00:00,209.115,4.5
12-03-2001 00:00,205.53,4.42
13-03-2001 00:00,206.3494,4.43
14-03-2001 00:00,207.37,4.45
15-03-2001 00:00,202.623,4.35
16-03-2001 00:00,200.552,4.3
19-03-2001 00:00,201.4848,4.32
20-03-2001 00:00,202.461,4.34
21-03-2001 00:00,202.0378,4.33
22-03-2001 00:00,202.971,4.35
23-03-2001 00:00,202.71,4.35
26-03-2001 00:00,203.642,4.37
27-03-2001 00:00,206.3051,4.43
28-03-2001 00:00,203.53712,4.37
29-03-2001 00:00,201.29472,4.32
30-03-2001 00:00,199.94403,4.29
02-04-2001 00:00,201.34224,4.32
03-04-2001 00:00,200.4058,4.3
04-04-2001 00:00,202.03134,4.34
05-04-2001 00:00,202.5186,4.35
06-04-2001 00:00,202.03134,4.34
09-04-2001 00:00,200.97072,4.32
10-04-2001 00:00,201.01392,4.32
11-04-2001 00:00,203.84302,4.37
12-04-2001 00:00,203.31862,4.37
13-04-2001 00:00,204.58592,4.37
16-04-2001 00:00,208.75548,4.44
17-04-2001 00:00,204.67332,4.37
18-04-2001 00:00,205.21614,4.38
19-04-2001 00:00,207.95184,4.44
20-04-2001 00:00,207.77424,4.44
23-04-2001 00:00,208.2422,4.45
24-04-2001 00:00,207.77424,4.44
25-04-2001 00:00,204.49852,4.37
26-04-2001 00:00,205.09788,4.38
27-04-2001 00:00,204.16572,4.36
30-04-2001 00:00,202.69163,4.33
01-05-2001 00:00,204.13956,4.36
02-05-2001 00:00,204.54659,4.37
03-05-2001 00:00,203.09464,4.34
04-05-2001 00:00,203.05124,4.34
07-05-2001 00:00,201.69507,4.31
08-05-2001 00:00,202.15872,4.32
09-05-2001 00:00,205.8804,4.4
10-05-2001 00:00,203.22918,4.34
11-05-2001 00:00,202.86483,4.33
14-05-2001 00:00,203.68054,4.34
15-05-2001 00:00,202.44501,4.31
16-05-2001 00:00,209.20522,4.46
17-05-2001 00:00,209.76369,4.47
18-05-2001 00:00,214.41069,4.57
21-05-2001 00:00,213.09398,4.54
22-05-2001 00:00,213.79085,4.55
23-05-2001 00:00,214.54779,4.57
24-05-2001 00:00,216.42567,4.61
25-05-2001 00:00,213.6589,4.55
28-05-2001 00:00,213.78175,4.55
29-05-2001 00:00,212.22756,4.52
30-05-2001 00:00,207.88661,4.43
31-05-2001 00:00,206.23342,4.39
01-06-2001 00:00,207.14652,4.41
04-06-2001 00:00,202.96224,4.32
05-06-2001 00:00,203.90188,4.34
06-06-2001 00:00,203.79772,4.34
07-06-2001 00:00,203.72828,4.34
08-06-2001 00:00,205.04914,4.37
11-06-2001 00:00,203.77168,4.34
12-06-2001 00:00,205.89504,4.38
13-06-2001 00:00,207.34938,4.41
14-06-2001 00:00,210.03189,4.47
15-06-2001 00:00,206.6988,4.4
18-06-2001 00:00,207.97521,4.43
19-06-2001 00:00,206.96571,4.41
20-06-2001 00:00,204.17595,4.35
21-06-2001 00:00,203.36711,4.33
22-06-2001 00:00,201.9108,4.3
25-06-2001 00:00,202.51397,4.31
26-06-2001 00:00,204.88512,4.36
27-06-2001 00:00,202.85424,4.32
28-06-2001 00:00,202.0484,4.3
29-06-2001 00:00,202.1516,4.3
02-07-2001 00:00,201.59656,4.28
03-07-2001 00:00,200.61192,4.26
04-07-2001 00:00,201.06576,4.27
05-07-2001 00:00,198.79576,4.22
06-07-2001 00:00,200.61192,4.26
09-07-2001 00:00,199.28376,4.23
10-07-2001 00:00,200.2515,4.25
11-07-2001 00:00,200.2685,4.25
12-07-2001 00:00,200.73972,4.26
13-07-2001 00:00,203.16478,4.31
16-07-2001 00:00,198.38362,4.21
17-07-2001 00:00,199.62768,4.24
18-07-2001 00:00,201.16824,4.27
19-07-2001 00:00,199.15686,4.23
20-07-2001 00:00,199.19916,4.23
23-07-2001 00:00,200.16225,4.25
24-07-2001 00:00,200.141,4.25
25-07-2001 00:00,198.80842,4.22
26-07-2001 00:00,200.09425,4.25
27-07-2001 00:00,198.80842,4.22
30-07-2001 00:00,198.2489,4.21
31-07-2001 00:00,199.1484,4.23
01-08-2001 00:00,199.0638,4.23
02-08-2001 00:00,199.492,4.24
03-08-2001 00:00,199.1061,4.23
06-08-2001 00:00,197.652,4.2
07-08-2001 00:00,196.7526,4.18
08-08-2001 00:00,195.8944,4.16
09-08-2001 00:00,198.2068,4.21
10-08-2001 00:00,194.8698,4.14
13-08-2001 00:00,195.3405,4.15
14-08-2001 00:00,198.1226,4.21
15-08-2001 00:00,195.7696,4.16
16-08-2001 00:00,198.1226,4.21
17-08-2001 00:00,200.9889,4.27
20-08-2001 00:00,195.299,4.15
21-08-2001 00:00,197.736,4.2
22-08-2001 00:00,198.2068,4.21
23-08-2001 00:00,198.6354,4.22
24-08-2001 00:00,197.2233,4.19
27-08-2001 00:00,197.778,4.2
28-08-2001 00:00,197.3071,4.19
29-08-2001 00:00,197.1814,4.19
30-08-2001 00:00,196.41117,4.17
31-08-2001 00:00,196.86128,4.18
03-09-2001 00:00,197.45794,4.19
04-09-2001 00:00,196.49457,4.17
05-09-2001 00:00,196.49457,4.17
06-09-2001 00:00,196.10656,4.16
07-09-2001 00:00,196.78647,4.17
10-09-2001 00:00,197.24517,4.17
11-09-2001 00:00,201.3905,4.25
12-09-2001 00:00,200.07442,4.22
13-09-2001 00:00,200.0171,4.21
14-09-2001 00:00,204.45988,4.28
17-09-2001 00:00,208.86415,4.37
18-09-2001 00:00,211.41981,4.41
19-09-2001 00:00,224.0666,4.67
20-09-2001 00:00,215.7795,4.5
21-09-2001 00:00,220.32459,4.59
24-09-2001 00:00,218.33736,4.56
25-09-2001 00:00,215.74036,4.51
26-09-2001 00:00,219.06598,4.58
27-09-2001 00:00,219.06598,4.58
28-09-2001 00:00,221.43438,4.63
01-10-2001 00:00,222.51584,4.64
02-10-2001 00:00,220.5976,4.6
03-10-2001 00:00,219.79674,4.59
04-10-2001 00:00,222.05943,4.63
05-10-2001 00:00,223.0884,4.65
08-10-2001 00:00,222.73078,4.63
09-10-2001 00:00,216.89041,4.51
10-10-2001 00:00,211.75056,4.41
11-10-2001 00:00,211.2748,4.4
12-10-2001 00:00,213.03564,4.44
15-10-2001 00:00,210.22248,4.38
16-10-2001 00:00,208.21584,4.34
17-10-2001 00:00,208.67385,4.35
18-10-2001 00:00,204.00425,4.25
19-10-2001 00:00,204.02975,4.25
22-10-2001 00:00,202.46294,4.22
23-10-2001 00:00,202.37854,4.22
24-10-2001 00:00,202.10947,4.21
25-10-2001 00:00,201.5454,4.2
26-10-2001 00:00,201.3522,4.2
29-10-2001 00:00,202.81581,4.23
30-10-2001 00:00,203.81725,4.25
31-10-2001 00:00,201.94107,4.21
01-11-2001 00:00,201.95791,4.21
02-11-2001 00:00,198.10371,4.13
05-11-2001 00:00,196.5581,4.1
06-11-2001 00:00,198.56268,4.14
07-11-2001 00:00,199.03815,4.15
08-11-2001 00:00,196.30773,4.09
09-11-2001 00:00,196.22593,4.09
12-11-2001 00:00,198.55854,4.14
13-11-2001 00:00,199.35355,4.15
14-11-2001 00:00,199.83392,4.16
15-11-2001 00:00,198.06241,4.13
16-11-2001 00:00,197.58284,4.12
19-11-2001 00:00,195.54216,4.08
20-11-2001 00:00,196.14413,4.09
21-11-2001 00:00,194.68512,4.06
22-11-2001 00:00,194.88812,4.06
23-11-2001 00:00,196.8902,4.1
26-11-2001 00:00,194.78662,4.06
27-11-2001 00:00,195.12394,4.07
28-11-2001 00:00,199.06305,4.15
29-11-2001 00:00,197.14437,4.11
30-11-2001 00:00,199.85976,4.17
03-12-2001 00:00,202.91368,4.24
04-12-2001 00:00,200.02136,4.18
05-12-2001 00:00,202.04516,4.22
06-12-2001 00:00,202.78648,4.24
07-12-2001 00:00,205.00623,4.29
10-12-2001 00:00,203.57262,4.26
11-12-2001 00:00,205.4153,4.3
12-12-2001 00:00,204.96333,4.29
13-12-2001 00:00,206.42256,4.32
14-12-2001 00:00,211.21412,4.42
17-12-2001 00:00,210.80682,4.41
18-12-2001 00:00,213.12556,4.46
19-12-2001 00:00,208.56699,4.37
20-12-2001 00:00,212.99622,4.46
21-12-2001 00:00,215.92944,4.52
24-12-2001 00:00,217.36158,4.54
25-12-2001 00:00,217.47508,4.54
26-12-2001 00:00,218.31912,4.56
27-12-2001 00:00,218.03796,4.53
28-12-2001 00:00,218.98236,4.54
31-12-2001 00:00,222.67014,4.62
01-01-2002 00:00,222.67014,4.62
02-01-2002 00:00,220.81554,4.58
03-01-2002 00:00,224.16255,4.65
04-01-2002 00:00,226.5729,4.7
07-01-2002 00:00,228.98325,4.75
08-01-2002 00:00,228.09006,4.73
09-01-2002 00:00,232.06807,4.81
10-01-2002 00:00,230.06032,4.76
11-01-2002 00:00,230.22692,4.76
14-01-2002 00:00,219.6831,4.55
15-01-2002 00:00,223.31416,4.63
16-01-2002 00:00,223.29101,4.63
17-01-2002 00:00,217.1115,4.5
18-01-2002 00:00,210.59904,4.37
21-01-2002 00:00,209.15328,4.34
22-01-2002 00:00,207.2256,4.3
23-01-2002 00:00,205.77984,4.27
24-01-2002 00:00,206.60416,4.28
25-01-2002 00:00,208.66464,4.32
28-01-2002 00:00,206.20684,4.27
29-01-2002 00:00,208.49625,4.31
30-01-2002 00:00,208.3694,4.3
31-01-2002 00:00,206.17175,4.25
01-02-2002 00:00,209.42496,4.32
04-02-2002 00:00,208.8424,4.3
05-02-2002 00:00,214.37892,4.41
06-02-2002 00:00,212.59613,4.37
07-02-2002 00:00,213.12642,4.38
08-02-2002 00:00,217.02806,4.46
11-02-2002 00:00,215.64354,4.43
12-02-2002 00:00,217.78176,4.48
13-02-2002 00:00,219.43856,4.51
14-02-2002 00:00,221.73912,4.56
15-02-2002 00:00,221.78928,4.56
18-02-2002 00:00,220.05834,4.53
19-02-2002 00:00,218.17808,4.49
20-02-2002 00:00,214.67056,4.42
21-02-2002 00:00,215.83728,4.44
22-02-2002 00:00,214.91694,4.41
25-02-2002 00:00,214.00372,4.39
26-02-2002 00:00,216.13032,4.44
27-02-2002 00:00,217.12172,4.46
28-02-2002 00:00,219.55582,4.51
01-03-2002 00:00,222.58185,4.57
04-03-2002 00:00,224.26728,4.61
05-03-2002 00:00,221.83488,4.56
06-03-2002 00:00,220.30296,4.53
07-03-2002 00:00,217.60854,4.47
08-03-2002 00:00,219.55582,4.51
11-03-2002 00:00,218.60912,4.49
12-03-2002 00:00,219.069,4.5
13-03-2002 00:00,220.43886,4.53
14-03-2002 00:00,219.46562,4.51
15-03-2002 00:00,218.47442,4.49
18-03-2002 00:00,218.979,4.5
19-03-2002 00:00,220.62912,4.53
20-03-2002 00:00,220.52946,4.53
21-03-2002 00:00,219.64602,4.51
22-03-2002 00:00,221.19788,4.54
25-03-2002 00:00,223.17424,4.58
26-03-2002 00:00,225.00324,4.62
27-03-2002 00:00,227.69986,4.67
28-03-2002 00:00,226.23712,4.64
29-03-2002 00:00,226.23712,4.64
01-04-2002 00:00,228.18744,4.68
02-04-2002 00:00,231.17928,4.74
03-04-2002 00:00,228.07346,4.67
04-04-2002 00:00,226.24032,4.63
05-04-2002 00:00,223.42156,4.58
08-04-2002 00:00,223.26735,4.57
09-04-2002 00:00,221.74268,4.54
10-04-2002 00:00,226.09216,4.63
11-04-2002 00:00,223.76964,4.58
12-04-2002 00:00,224.38215,4.59
15-04-2002 00:00,218.50254,4.47
16-04-2002 00:00,216.05844,4.42
17-04-2002 00:00,217.98696,4.46
18-04-2002 00:00,220.34958,4.51
19-04-2002 00:00,219.8115,4.5
22-04-2002 00:00,222.85632,4.56
23-04-2002 00:00,224.10856,4.58
24-04-2002 00:00,223.59639,4.57
25-04-2002 00:00,226.01964,4.62
26-04-2002 00:00,227.4408,4.65
29-04-2002 00:00,226.55516,4.63
30-04-2002 00:00,222.01508,4.54
01-05-2002 00:00,222.01508,4.54
02-05-2002 00:00,222.5041,4.55
03-05-2002 00:00,225.52581,4.61
06-05-2002 00:00,225.87642,4.62
07-05-2002 00:00,226.55979,4.63
08-05-2002 00:00,224.38674,4.59
09-05-2002 00:00,226.45793,4.63
10-05-2002 00:00,228.58249,4.67
13-05-2002 00:00,226.18134,4.62
14-05-2002 00:00,225.64567,4.61
15-05-2002 00:00,227.18368,4.64
16-05-2002 00:00,227.22544,4.64
17-05-2002 00:00,228.64787,4.67
20-05-2002 00:00,229.23108,4.68
21-05-2002 00:00,236.33673,4.83
22-05-2002 00:00,236.33673,4.83
23-05-2002 00:00,239.59533,4.89
24-05-2002 00:00,238.49851,4.87
27-05-2002 00:00,235.0704,4.8
28-05-2002 00:00,238.49851,4.87
29-05-2002 00:00,241.22983,4.93
30-05-2002 00:00,242.79696,4.96
31-05-2002 00:00,245.39481,5.01
03-06-2002 00:00,248.89968,5.08
04-06-2002 00:00,248.87428,5.08
05-06-2002 00:00,242.02048,4.94
06-06-2002 00:00,244.26549,4.99
07-06-2002 00:00,242.92096,4.96
10-06-2002 00:00,240.81432,4.92
11-06-2002 00:00,239.24814,4.89
12-06-2002 00:00,239.7374,4.9
13-06-2002 00:00,236.99544,4.84
14-06-2002 00:00,239.46819,4.89
18-06-2002 00:00,237.2426,4.85
19-06-2002 00:00,239.5659,4.9
20-06-2002 00:00,237.61026,4.86
21-06-2002 00:00,238.5832,4.88
24-06-2002 00:00,239.7553,4.91
25-06-2002 00:00,237.068,4.85
26-06-2002 00:00,238.0708,4.88
27-06-2002 00:00,235.1196,4.82
28-06-2002 00:00,237.8021,4.87
01-07-2002 00:00,234.144,4.8
02-07-2002 00:00,237.6073,4.87
03-07-2002 00:00,239.9976,4.92
04-07-2002 00:00,239.5098,4.91
08-07-2002 00:00,241.01766,4.94
09-07-2002 00:00,242.38193,4.97
11-07-2002 00:00,244.5744,5.02
12-07-2002 00:00,246.5232,5.06
15-07-2002 00:00,246.26325,5.05
16-07-2002 00:00,248.7219,5.1
17-07-2002 00:00,243.645,5
18-07-2002 00:00,243.74,5
22-07-2002 00:00,245.65725,5.05
23-07-2002 00:00,242.85831,4.99
24-07-2002 00:00,236.3418,4.86
26-07-2002 00:00,234.85875,4.83
30-07-2002 00:00,226.4085,4.65
31-07-2002 00:00,226.6624,4.66
01-08-2002 00:00,220.6667,4.54
02-08-2002 00:00,224.9717,4.63
05-08-2002 00:00,224.4858,4.62
06-08-2002 00:00,224.25345,4.61
07-08-2002 00:00,225.5736,4.64
08-08-2002 00:00,227.448,4.68
12-08-2002 00:00,228.69405,4.71
14-08-2002 00:00,224.8791,4.63
15-08-2002 00:00,217.9895,4.49
16-08-2002 00:00,218.8252,4.51
19-08-2002 00:00,218.385,4.5
20-08-2002 00:00,215.3622,4.44
21-08-2002 00:00,215.33556,4.44
22-08-2002 00:00,215.34,4.44
23-08-2002 00:00,215.34,4.44
28-08-2002 00:00,217.89,4.5
30-08-2002 00:00,221.3708,4.57
02-09-2002 00:00,216.41505,4.47
03-09-2002 00:00,217.40131,4.49
04-09-2002 00:00,216.32565,4.47
05-09-2002 00:00,218.50499,4.51
06-09-2002 00:00,219.6597,4.53
09-09-2002 00:00,219.9176,4.54
10-09-2002 00:00,219.9403,4.54
11-09-2002 00:00,219.252,4.53
12-09-2002 00:00,220.24275,4.55
16-09-2002 00:00,221.94945,4.59
17-09-2002 00:00,220.0835,4.55
18-09-2002 00:00,221.443,4.58
19-09-2002 00:00,224.96235,4.65
20-09-2002 00:00,223.5156,4.62
23-09-2002 00:00,224.3904,4.64
24-09-2002 00:00,223.94847,4.63
25-09-2002 00:00,223.377,4.62
27-09-2002 00:00,217.9232,4.51
30-09-2002 00:00,218.88507,4.53
01-10-2002 00:00,218.3386,4.52
02-10-2002 00:00,216.90741,4.49
03-10-2002 00:00,216.867,4.49
04-10-2002 00:00,216.384,4.48
07-10-2002 00:00,216.88945,4.49
08-10-2002 00:00,214.4742,4.44
10-10-2002 00:00,210.1224,4.35
11-10-2002 00:00,207.604,4.3
14-10-2002 00:00,209.03075,4.33
15-10-2002 00:00,208.0868,4.31
16-10-2002 00:00,208.7856,4.32
17-10-2002 00:00,210.7406,4.36
18-10-2002 00:00,209.8824,4.34
21-10-2002 00:00,211.5321,4.38
22-10-2002 00:00,211.6854,4.38
23-10-2002 00:00,213.1353,4.41
25-10-2002 00:00,211.7073,4.38
28-10-2002 00:00,213.7954,4.42
29-10-2002 00:00,214.18607,4.43
30-10-2002 00:00,216.5408,4.48
01-11-2002 00:00,219.6922,4.55
04-11-2002 00:00,214.8638,4.45
06-11-2002 00:00,215.80713,4.47
07-11-2002 00:00,217.251,4.5
08-11-2002 00:00,221.30226,4.59
12-11-2002 00:00,220.44766,4.57
13-11-2002 00:00,220.44766,4.57
14-11-2002 00:00,219.87864,4.56
15-11-2002 00:00,219.1644,4.55
18-11-2002 00:00,218.61916,4.54
19-11-2002 00:00,219.1007,4.55
20-11-2002 00:00,219.1462,4.55
21-11-2002 00:00,218.48296,4.54
22-11-2002 00:00,214.69994,4.46
25-11-2002 00:00,216.585,4.5
26-11-2002 00:00,215.27073,4.47
27-11-2002 00:00,213.9414,4.44
28-11-2002 00:00,213.74307,4.43
03-12-2002 00:00,214.04796,4.44
04-12-2002 00:00,219.9541,4.57
05-12-2002 00:00,222.5454,4.62
06-12-2002 00:00,223.851,4.65
09-12-2002 00:00,222.8882,4.63
10-12-2002 00:00,220.4812,4.58
11-12-2002 00:00,222.6104,4.63
12-12-2002 00:00,223.758,4.65
13-12-2002 00:00,227.994,4.74
16-12-2002 00:00,225.976,4.7
17-12-2002 00:00,227.3238,4.73
18-12-2002 00:00,221.991,4.62
19-12-2002 00:00,226.6072,4.72
20-12-2002 00:00,223.8331,4.67
23-12-2002 00:00,221.9159,4.63
24-12-2002 00:00,221.4828,4.62
27-12-2002 00:00,223.7397,4.67
30-12-2002 00:00,225.8992,4.72
31-12-2002 00:00,223.693,4.67
03-01-2003 00:00,229.5847,4.79
06-01-2003 00:00,235.2381,4.91
07-01-2003 00:00,231.836,4.84
08-01-2003 00:00,228.962,4.78
09-01-2003 00:00,231.1638,4.83
10-01-2003 00:00,231.836,4.84
14-01-2003 00:00,230.22584,4.81
15-01-2003 00:00,226.4251,4.73
16-01-2003 00:00,228.2922,4.77
17-01-2003 00:00,230.2066,4.81
20-01-2003 00:00,229.35957,4.79
21-01-2003 00:00,227.92308,4.76
22-01-2003 00:00,231.0189,4.83
23-01-2003 00:00,231.927,4.85
24-01-2003 00:00,228.484,4.78
27-01-2003 00:00,234.698,4.91
28-01-2003 00:00,229.536,4.8
29-01-2003 00:00,231.89305,4.85
30-01-2003 00:00,228.7225,4.79
31-01-2003 00:00,232.5425,4.87
03-02-2003 00:00,231.345,4.85
04-02-2003 00:00,231.345,4.85
05-02-2003 00:00,234.668,4.93
06-02-2003 00:00,227.528,4.78
07-02-2003 00:00,224.2902,4.71
10-02-2003 00:00,221.1075,4.65
11-02-2003 00:00,217.3035,4.57
12-02-2003 00:00,217.532,4.57
13-02-2003 00:00,215.9204,4.52
14-02-2003 00:00,216.4887,4.53
17-02-2003 00:00,213.9934,4.49
18-02-2003 00:00,214.676,4.51
19-02-2003 00:00,218.008,4.58
20-02-2003 00:00,220.864,4.64
21-02-2003 00:00,220.864,4.64
24-02-2003 00:00,223.002,4.68
25-02-2003 00:00,223.626,4.7
26-02-2003 00:00,220.2954,4.63
27-02-2003 00:00,221.1726,4.65
28-02-2003 00:00,218.776,4.6
04-03-2003 00:00,222.3,4.68
05-03-2003 00:00,221.35,4.66
06-03-2003 00:00,220.0639,4.63
07-03-2003 00:00,221.825,4.67
10-03-2003 00:00,222.768,4.68
11-03-2003 00:00,221.5364,4.66
12-03-2003 00:00,222.0585,4.67
13-03-2003 00:00,218.3004,4.59
14-03-2003 00:00,215.96326,4.54
17-03-2003 00:00,217.4406,4.57
18-03-2003 00:00,212.6826,4.47
19-03-2003 00:00,213.248,4.48
20-03-2003 00:00,210.1365,4.41
21-03-2003 00:00,209.264,4.4
24-03-2003 00:00,208.707,4.38
25-03-2003 00:00,209.176,4.4
26-03-2003 00:00,208.05,4.38
27-03-2003 00:00,209.034,4.41
28-03-2003 00:00,208.3055,4.39
31-03-2003 00:00,212.11314,4.46
02-04-2003 00:00,209,4.4
03-04-2003 00:00,207.59685,4.37
04-04-2003 00:00,208.54695,4.39
07-04-2003 00:00,208.35379,4.39
08-04-2003 00:00,210.00746,4.42
09-04-2003 00:00,212.76416,4.48
10-04-2003 00:00,212.32053,4.47
14-04-2003 00:00,212.80896,4.48
15-04-2003 00:00,214.70452,4.52
16-04-2003 00:00,213.29296,4.49
17-04-2003 00:00,212.81792,4.48
22-04-2003 00:00,215.31404,4.54
23-04-2003 00:00,216.73225,4.57
24-04-2003 00:00,218.61081,4.61
25-04-2003 00:00,219.0804,4.62
28-04-2003 00:00,219.75369,4.63
30-04-2003 00:00,218.66613,4.61
01-05-2003 00:00,221.06574,4.66
02-05-2003 00:00,225.76275,4.75
06-05-2003 00:00,227.5536,4.8
07-05-2003 00:00,225.09088,4.76
08-05-2003 00:00,223.55872,4.73
09-05-2003 00:00,225.45348,4.78
12-05-2003 00:00,226.00178,4.79
13-05-2003 00:00,228.31732,4.84
14-05-2003 00:00,227.08466,4.82
15-05-2003 00:00,229.47927,4.87
16-05-2003 00:00,226.22212,4.79
19-05-2003 00:00,226.64292,4.83
20-05-2003 00:00,226.97664,4.84
21-05-2003 00:00,221.93628,4.74
22-05-2003 00:00,221.38216,4.72
23-05-2003 00:00,219.6792,4.68
27-05-2003 00:00,219.26736,4.68
28-05-2003 00:00,215.68869,4.59
29-05-2003 00:00,216.89589,4.61
02-06-2003 00:00,212.0085,4.5
03-06-2003 00:00,212.67956,4.52
04-06-2003 00:00,212.27276,4.52
05-06-2003 00:00,210.33152,4.48
06-06-2003 00:00,212.28939,4.53
09-06-2003 00:00,211.71228,4.52
10-06-2003 00:00,211.25291,4.51
11-06-2003 00:00,209.58336,4.48
12-06-2003 00:00,210.159,4.5
13-06-2003 00:00,210.94623,4.51
16-06-2003 00:00,214.08219,4.59
17-06-2003 00:00,215.48142,4.62
18-06-2003 00:00,212.87517,4.57
19-06-2003 00:00,210.55064,4.52
20-06-2003 00:00,212.32272,4.56
25-06-2003 00:00,210.31934,4.51
26-06-2003 00:00,211.02099,4.53
27-06-2003 00:00,210.00627,4.53
30-06-2003 00:00,209.10164,4.51
01-07-2003 00:00,211.8804,4.56
02-07-2003 00:00,212.5349,4.58
03-07-2003 00:00,215.11443,4.63
04-07-2003 00:00,215.96304,4.66
08-07-2003 00:00,216.98285,4.69
09-07-2003 00:00,219.47622,4.74
10-07-2003 00:00,223.17498,4.83
11-07-2003 00:00,219.63116,4.76
14-07-2003 00:00,221.4864,4.8
15-07-2003 00:00,220.57788,4.78
16-07-2003 00:00,215.76801,4.67
21-07-2003 00:00,218.73885,4.73
22-07-2003 00:00,219.849,4.75
23-07-2003 00:00,223.53723,4.83
24-07-2003 00:00,233.57466,5.06
25-07-2003 00:00,231.44208,5.02
28-07-2003 00:00,234.41152,5.08
29-07-2003 00:00,231.66296,5.02
30-07-2003 00:00,235.1508,5.1
31-07-2003 00:00,234.2134,5.08
01-08-2003 00:00,236.55424,5.12
04-08-2003 00:00,232.60104,5.04
05-08-2003 00:00,229.79712,4.98
06-08-2003 00:00,227.20398,4.93
07-08-2003 00:00,227.40796,4.94
08-08-2003 00:00,232.08285,5.05
11-08-2003 00:00,228.81606,4.98
13-08-2003 00:00,223.51839,4.87
14-08-2003 00:00,231.57288,5.04
18-08-2003 00:00,225.41964,4.92
19-08-2003 00:00,225.32124,4.92
20-08-2003 00:00,228.835,5
21-08-2003 00:00,228.52703,4.99
22-08-2003 00:00,225.63131,4.93
26-08-2003 00:00,226.84365,4.95
27-08-2003 00:00,229.185,5
28-08-2003 00:00,233.36123,5.09
29-08-2003 00:00,234.32927,5.11
01-09-2003 00:00,236.46732,5.16
02-09-2003 00:00,234.35482,5.11
03-09-2003 00:00,228.34296,4.98
04-09-2003 00:00,229.85074,5.02
05-09-2003 00:00,229.31,5
08-09-2003 00:00,233.6412,5.1
10-09-2003 00:00,238.13347,5.21
11-09-2003 00:00,238.96916,5.23
12-09-2003 00:00,243.37404,5.32
16-09-2003 00:00,237.02899,5.17
17-09-2003 00:00,236.82852,5.16
18-09-2003 00:00,243.5191,5.3
22-09-2003 00:00,243.34744,5.32
23-09-2003 00:00,240.70812,5.26
24-09-2003 00:00,239.67521,5.23
25-09-2003 00:00,243.98584,5.32
29-09-2003 00:00,234.93861,5.13
30-09-2003 00:00,233.73824,5.12
01-10-2003 00:00,233.66124,5.13
02-10-2003 00:00,230.57104,5.08
03-10-2003 00:00,231.00284,5.08
07-10-2003 00:00,219.14552,4.84
08-10-2003 00:00,221.3214,4.89
09-10-2003 00:00,217.7676,4.82
10-10-2003 00:00,220.3038,4.86
13-10-2003 00:00,221.9082,4.89
14-10-2003 00:00,225.511,4.94
15-10-2003 00:00,223.896,4.91
16-10-2003 00:00,222.1775,4.91
17-10-2003 00:00,222.7776,4.92
20-10-2003 00:00,222.9252,4.92
22-10-2003 00:00,230.0224,5.08
24-10-2003 00:00,233.295,5.15
27-10-2003 00:00,232.6968,5.13
28-10-2003 00:00,233.2435,5.15
29-10-2003 00:00,230.3225,5.09
30-10-2003 00:00,234.8994,5.19
31-10-2003 00:00,232.8934,5.14
03-11-2003 00:00,229.1674,5.06
04-11-2003 00:00,223.3783,4.93
05-11-2003 00:00,226.452,5.01
06-11-2003 00:00,224.192,4.96
07-11-2003 00:00,225.0416,4.97
10-11-2003 00:00,227.2051,5.03
11-11-2003 00:00,228.8132,5.06
12-11-2003 00:00,230.2764,5.08
13-11-2003 00:00,241.3684,5.32
14-11-2003 00:00,240.143,5.3
17-11-2003 00:00,244.9755,5.39
18-11-2003 00:00,237.055,5.21
19-11-2003 00:00,242.5388,5.32
20-11-2003 00:00,240.7863,5.27
21-11-2003 00:00,239.3108,5.24
24-11-2003 00:00,240.0444,5.24
25-11-2003 00:00,238.8785,5.21
26-11-2003 00:00,243.111,5.3
27-11-2003 00:00,244.839,5.34
28-11-2003 00:00,244.602,5.35
01-12-2003 00:00,244.952,5.36
02-12-2003 00:00,248.976,5.46
03-12-2003 00:00,249.2679,5.47
05-12-2003 00:00,246.7726,5.42
08-12-2003 00:00,250.6499,5.51
09-12-2003 00:00,252.07,5.54
10-12-2003 00:00,255.1428,5.61
12-12-2003 00:00,255.6538,5.62
15-12-2003 00:00,253.2024,5.56
16-12-2003 00:00,257.5866,5.66
17-12-2003 00:00,255.6583,5.63
18-12-2003 00:00,259.236,5.7
19-12-2003 00:00,257.418,5.67
22-12-2003 00:00,260.6004,5.73
23-12-2003 00:00,258.4967,5.69
24-12-2003 00:00,259.974,5.72
29-12-2003 00:00,266.7472,5.86
30-12-2003 00:00,268.7868,5.91
02-01-2004 00:00,273.0841,5.99
05-01-2004 00:00,272.7478,5.98
06-01-2004 00:00,286.1796,6.28
07-01-2004 00:00,282.5746,6.22
08-01-2004 00:00,281.852,6.2
09-01-2004 00:00,283.875,6.25
12-01-2004 00:00,301.9765,6.65
13-01-2004 00:00,299.886,6.62
14-01-2004 00:00,297.37,6.55
15-01-2004 00:00,287.0544,6.32
16-01-2004 00:00,281.6235,6.21
19-01-2004 00:00,287.836,6.34
20-01-2004 00:00,289.6587,6.39
21-01-2004 00:00,285.39,6.3
22-01-2004 00:00,283.891,6.26
23-01-2004 00:00,287.528,6.35
26-01-2004 00:00,282.875,6.25
27-01-2004 00:00,282.8592,6.24
29-01-2004 00:00,295.8696,6.54
30-01-2004 00:00,281.7206,6.23
02-02-2004 00:00,280.8783,6.21
03-02-2004 00:00,279.7686,6.18
04-02-2004 00:00,274.9984,6.08
05-02-2004 00:00,277.3438,6.14
06-02-2004 00:00,276.025,6.1
09-02-2004 00:00,286.8295,6.35
10-02-2004 00:00,290.7016,6.44
11-02-2004 00:00,283.9935,6.29
12-02-2004 00:00,295.3464,6.54
13-02-2004 00:00,296.1184,6.56
16-02-2004 00:00,295.6734,6.54
17-02-2004 00:00,299.9952,6.64
18-02-2004 00:00,308.4004,6.82
19-02-2004 00:00,299.3564,6.62
20-02-2004 00:00,298.9042,6.61
23-02-2004 00:00,293.6725,6.49
24-02-2004 00:00,295.6734,6.54
25-02-2004 00:00,305.214,6.76
26-02-2004 00:00,287.472,6.36
01-03-2004 00:00,304.196,6.73
02-03-2004 00:00,309.729,6.86
03-03-2004 00:00,298.452,6.6
04-03-2004 00:00,308.7414,6.82
05-03-2004 00:00,307.496,6.8
08-03-2004 00:00,312.438,6.92
10-03-2004 00:00,323.7255,7.17
11-03-2004 00:00,320.92,7.1
12-03-2004 00:00,326.0362,7.21
15-03-2004 00:00,321.372,7.11
16-03-2004 00:00,323.4888,7.16
18-03-2004 00:00,327.3204,7.24
19-03-2004 00:00,335.3902,7.43
22-03-2004 00:00,344.3265,7.65
23-03-2004 00:00,337.6412,7.54
24-03-2004 00:00,342.912,7.68
25-03-2004 00:00,336.9626,7.54
26-03-2004 00:00,332.556,7.49
29-03-2004 00:00,337.4033,7.67
30-03-2004 00:00,334.6117,7.61
31-03-2004 00:00,339.039,7.83
01-04-2004 00:00,343.4844,7.94
02-04-2004 00:00,361.0295,8.29
05-04-2004 00:00,357.274,8.2
06-04-2004 00:00,354.6598,8.14
07-04-2004 00:00,354.3888,8.16
08-04-2004 00:00,351.8032,8.08
13-04-2004 00:00,343.1676,7.86
14-04-2004 00:00,313.608,7.16
15-04-2004 00:00,301.497,6.86
16-04-2004 00:00,311.5,7.12
19-04-2004 00:00,319.4464,7.28
20-04-2004 00:00,308.4928,7.04
21-04-2004 00:00,282.3516,6.42
22-04-2004 00:00,270.8968,6.14
23-04-2004 00:00,272.4838,6.19
26-04-2004 00:00,274.3069,6.23
27-04-2004 00:00,277.0736,6.28
28-04-2004 00:00,274.743,6.23
29-04-2004 00:00,247.0852,5.57
30-04-2004 00:00,264.299,5.95
04-05-2004 00:00,271.755,6.1
05-05-2004 00:00,271.0659,6.09
06-05-2004 00:00,268.8174,6.03
07-05-2004 00:00,258.564,5.8
10-05-2004 00:00,246.95,5.5
11-05-2004 00:00,256.7943,5.67
12-05-2004 00:00,255.21,5.64
13-05-2004 00:00,250.9155,5.55
14-05-2004 00:00,252.8132,5.56
17-05-2004 00:00,263.9483,5.81
18-05-2004 00:00,260.4812,5.74
19-05-2004 00:00,258.0864,5.72
20-05-2004 00:00,263.968,5.84
21-05-2004 00:00,264.9892,5.86
24-05-2004 00:00,263.6909,5.83
28-05-2004 00:00,279.8712,6.17
02-06-2004 00:00,273.944,6.05
04-06-2004 00:00,259.2,5.76
07-06-2004 00:00,264.15,5.87
08-06-2004 00:00,265.146,5.9
09-06-2004 00:00,257.7834,5.74
10-06-2004 00:00,254.0805,5.65
11-06-2004 00:00,256.3345,5.69
14-06-2004 00:00,256.398,5.66
16-06-2004 00:00,256.058,5.65
17-06-2004 00:00,261.395,5.75
18-06-2004 00:00,271.0225,5.95
21-06-2004 00:00,272.2896,5.94
23-06-2004 00:00,268.422,5.88
25-06-2004 00:00,263.0625,5.75
28-06-2004 00:00,283.5384,6.18
29-06-2004 00:00,270.9989,5.89
30-06-2004 00:00,271.5645,5.91
01-07-2004 00:00,268.7286,5.87
02-07-2004 00:00,268.8785,5.89
05-07-2004 00:00,276.5112,6.04
06-07-2004 00:00,277.2594,6.03
07-07-2004 00:00,276.632,6.04
08-07-2004 00:00,283.278,6.2
09-07-2004 00:00,296.335,6.5
13-07-2004 00:00,292.0764,6.38
14-07-2004 00:00,294.5496,6.42
15-07-2004 00:00,300.84,6.54
19-07-2004 00:00,308.9955,6.71
20-07-2004 00:00,303.009,6.58
21-07-2004 00:00,298.1376,6.47
22-07-2004 00:00,293.4335,6.35
23-07-2004 00:00,291.7744,6.31
26-07-2004 00:00,291.312,6.3
27-07-2004 00:00,288.1008,6.24
28-07-2004 00:00,286.1018,6.19
30-07-2004 00:00,297.567,6.42
02-08-2004 00:00,307.1,6.64
03-08-2004 00:00,301.08,6.5
05-08-2004 00:00,307.432,6.64
06-08-2004 00:00,308.95,6.68
09-08-2004 00:00,310.21,6.7
10-08-2004 00:00,309.284,6.68
11-08-2004 00:00,305.448,6.6
12-08-2004 00:00,304.3908,6.58
13-08-2004 00:00,299.3112,6.48
16-08-2004 00:00,309.8139,6.69
17-08-2004 00:00,310.4717,6.71
19-08-2004 00:00,315.2886,6.82
20-08-2004 00:00,314.622,6.81
23-08-2004 00:00,312.6386,6.77
25-08-2004 00:00,303.8625,6.57
26-08-2004 00:00,305.514,6.6
27-08-2004 00:00,309.1504,6.68
31-08-2004 00:00,311.9272,6.74
01-09-2004 00:00,311.3298,6.73
02-09-2004 00:00,312.8528,6.76
03-09-2004 00:00,310.4046,6.71
06-09-2004 00:00,302.5404,6.54
07-09-2004 00:00,301.7456,6.52
08-09-2004 00:00,285.825,6.18
09-09-2004 00:00,283.5125,6.13
10-09-2004 00:00,286.2256,6.19
13-09-2004 00:00,283.668,6.16
14-09-2004 00:00,280.4475,6.13
15-09-2004 00:00,282.7968,6.18
16-09-2004 00:00,286.395,6.26
20-09-2004 00:00,283.898,6.2
21-09-2004 00:00,287.31,6.28
22-09-2004 00:00,288.54,6.3
23-09-2004 00:00,292.662,6.39
28-09-2004 00:00,303.2718,6.59
29-09-2004 00:00,299.9882,6.53
30-09-2004 00:00,306.153,6.67
01-10-2004 00:00,313.3404,6.84
04-10-2004 00:00,312.6091,6.83
05-10-2004 00:00,308.234,6.73
08-10-2004 00:00,327.1125,7.15
11-10-2004 00:00,330.8448,7.23
12-10-2004 00:00,321.6225,7.03
13-10-2004 00:00,310.9141,6.79
14-10-2004 00:00,320.39,7
15-10-2004 00:00,323.1362,7.06
18-10-2004 00:00,322.3616,7.04
20-10-2004 00:00,331.23,7.24
21-10-2004 00:00,334.9077,7.33
22-10-2004 00:00,333.0801,7.29
25-10-2004 00:00,334.0281,7.33
26-10-2004 00:00,332.424,7.29
27-10-2004 00:00,326.2812,7.16
28-10-2004 00:00,324.753,7.15
29-10-2004 00:00,328.9506,7.26
01-11-2004 00:00,330.6015,7.29
02-11-2004 00:00,317.3806,6.98
03-11-2004 00:00,322.3936,7.12
04-11-2004 00:00,330.8872,7.34
05-11-2004 00:00,335.4016,7.46
08-11-2004 00:00,335.697,7.45
09-11-2004 00:00,337.6492,7.49
10-11-2004 00:00,332.6904,7.38
11-11-2004 00:00,335.1673,7.43
12-11-2004 00:00,341.4032,7.58
15-11-2004 00:00,339.0006,7.53
16-11-2004 00:00,339.1492,7.54
17-11-2004 00:00,343.1211,7.63
18-11-2004 00:00,337.8749,7.51
19-11-2004 00:00,340.8014,7.57
22-11-2004 00:00,339.1492,7.54
23-11-2004 00:00,338.5504,7.52
24-11-2004 00:00,340.9484,7.58
25-11-2004 00:00,343.7236,7.64
26-11-2004 00:00,344.9856,7.68
29-11-2004 00:00,346.1925,7.75
30-11-2004 00:00,341.8205,7.69
01-12-2004 00:00,354.72,8
02-12-2004 00:00,346.5161,7.87
03-12-2004 00:00,350.4788,7.96
06-12-2004 00:00,342.386,7.88
07-12-2004 00:00,340.8284,7.81
08-12-2004 00:00,310.1748,7.08
09-12-2004 00:00,296.8603,6.73
10-12-2004 00:00,297.5272,6.68
13-12-2004 00:00,298.8278,6.77
14-12-2004 00:00,294.1593,6.69
15-12-2004 00:00,298.5114,6.82
16-12-2004 00:00,291.8125,6.67
17-12-2004 00:00,296.1225,6.75
20-12-2004 00:00,298.3461,6.81
21-12-2004 00:00,300.2877,6.87
22-12-2004 00:00,297.0318,6.78
23-12-2004 00:00,299.2332,6.86
24-12-2004 00:00,299.7381,6.87
27-12-2004 00:00,304.0625,6.95
28-12-2004 00:00,305.62,7
29-12-2004 00:00,295.6459,6.77
30-12-2004 00:00,296.044,6.79
31-12-2004 00:00,293.964,6.8
03-01-2005 00:00,280.1056,6.46
04-01-2005 00:00,278.5786,6.41
05-01-2005 00:00,282.315,6.49
06-01-2005 00:00,281.4528,6.42
07-01-2005 00:00,280.1811,6.41
10-01-2005 00:00,281.517,6.42
11-01-2005 00:00,287.983,6.59
12-01-2005 00:00,291.718,6.7
13-01-2005 00:00,291.249,6.7
14-01-2005 00:00,286.6248,6.58
17-01-2005 00:00,287.43,6.6
18-01-2005 00:00,288.8968,6.62
19-01-2005 00:00,287.5217,6.59
20-01-2005 00:00,285.7326,6.54
21-01-2005 00:00,295.947,6.78
24-01-2005 00:00,298.1295,6.83
25-01-2005 00:00,291.7156,6.68
26-01-2005 00:00,295.5105,6.77
27-01-2005 00:00,296.0826,6.78
28-01-2005 00:00,294.9388,6.76
31-01-2005 00:00,292.992,6.72
01-02-2005 00:00,292.12,6.7
02-02-2005 00:00,290.9088,6.72
03-02-2005 00:00,287.945,6.65
04-02-2005 00:00,286.4774,6.61
07-02-2005 00:00,282.8376,6.52
08-02-2005 00:00,284.4024,6.52
09-02-2005 00:00,286.0816,6.56
10-02-2005 00:00,302.9796,6.93
11-02-2005 00:00,313.9814,7.18
14-02-2005 00:00,319.1546,7.31
15-02-2005 00:00,319.083,7.3
16-02-2005 00:00,315.5895,7.23
17-02-2005 00:00,320.391,7.34
18-02-2005 00:00,323.1647,7.39
21-02-2005 00:00,322.5798,7.38
22-02-2005 00:00,327.3,7.5
23-02-2005 00:00,323.5862,7.42
24-02-2005 00:00,321.1109,7.37
25-02-2005 00:00,317.0447,7.27
28-02-2005 00:00,319.3681,7.33
01-03-2005 00:00,313.776,7.2
02-03-2005 00:00,317.772,7.28
03-03-2005 00:00,314.208,7.2
04-03-2005 00:00,319.0056,7.32
07-03-2005 00:00,320.024,7.34
08-03-2005 00:00,325.9784,7.48
09-03-2005 00:00,329.8816,7.58
10-03-2005 00:00,324.5715,7.47
11-03-2005 00:00,325.8589,7.51
14-03-2005 00:00,319.424,7.36
15-03-2005 00:00,318.99,7.35
16-03-2005 00:00,321.9,7.4
17-03-2005 00:00,320.528,7.36
18-03-2005 00:00,320.0925,7.35
21-03-2005 00:00,308.7588,7.08
22-03-2005 00:00,307.0144,7.04
23-03-2005 00:00,303.0004,6.94
24-03-2005 00:00,301.185,6.9
28-03-2005 00:00,300.7936,6.88
29-03-2005 00:00,304.6392,6.96
30-03-2005 00:00,310.8592,7.12
31-03-2005 00:00,312.312,7.15
01-04-2005 00:00,311.74,7.15
04-04-2005 00:00,305.6028,6.99
05-04-2005 00:00,306.4071,7.01
06-04-2005 00:00,309.4785,7.09
07-04-2005 00:00,307.5915,7.05
08-04-2005 00:00,310.868,7.13
11-04-2005 00:00,314.8642,7.22
12-04-2005 00:00,310.5744,7.12
13-04-2005 00:00,314.203,7.19
14-04-2005 00:00,307.648,7.04
15-04-2005 00:00,306.04,7
18-04-2005 00:00,306.2124,7.02
19-04-2005 00:00,315.5862,7.22
20-04-2005 00:00,319.447,7.31
21-04-2005 00:00,314.203,7.19
22-04-2005 00:00,316.1725,7.25
25-04-2005 00:00,315.4449,7.23
26-04-2005 00:00,315.5895,7.23
27-04-2005 00:00,311.0016,7.12
28-04-2005 00:00,301.276,6.91
29-04-2005 00:00,298.8882,6.89
02-05-2005 00:00,297.3782,6.83
03-05-2005 00:00,297.9504,6.84
04-05-2005 00:00,302.9162,6.97
05-05-2005 00:00,304.8911,7.03
06-05-2005 00:00,301.4042,6.94
09-05-2005 00:00,305.8176,7.04
10-05-2005 00:00,305.9804,7.06
11-05-2005 00:00,305.124,7.05
12-05-2005 00:00,300.069,6.93
13-05-2005 00:00,299.46,6.9
16-05-2005 00:00,300.7432,6.92
17-05-2005 00:00,304.4443,7.01
18-05-2005 00:00,311.3931,7.17
19-05-2005 00:00,308.211,7.1
20-05-2005 00:00,300.674,6.92
23-05-2005 00:00,301.543,6.94
24-05-2005 00:00,302.7768,6.97
25-05-2005 00:00,308.566,7.1
26-05-2005 00:00,310.41725,7.15
27-05-2005 00:00,315.1545,7.27
30-05-2005 00:00,314.0676,7.21
31-05-2005 00:00,323.5947,7.41
01-06-2005 00:00,327.12575,7.49
02-06-2005 00:00,326.85,7.5
03-06-2005 00:00,324.75825,7.47
06-06-2005 00:00,326.475,7.5
07-06-2005 00:00,321.678,7.4
08-06-2005 00:00,322.6849,7.43
09-06-2005 00:00,314.74359,7.23
10-06-2005 00:00,315.57075,7.25
13-06-2005 00:00,315.23964,7.22
14-06-2005 00:00,315.7364,7.24
15-06-2005 00:00,318.24495,7.29
16-06-2005 00:00,319.3681,7.33
17-06-2005 00:00,317.8931,7.3
20-06-2005 00:00,316.3545,7.26
21-06-2005 00:00,316.37628,7.26
22-06-2005 00:00,314.2866,7.22
23-06-2005 00:00,315.35268,7.24
24-06-2005 00:00,315.52,7.25
27-06-2005 00:00,314.07,7.22
28-06-2005 00:00,307.58035,7.07
29-06-2005 00:00,307.13325,7.05
30-06-2005 00:00,305.45424,7.02
01-07-2005 00:00,297.9065,6.85
04-07-2005 00:00,300.495,6.9
05-07-2005 00:00,297.61725,6.83
06-07-2005 00:00,301.17235,6.91
07-07-2005 00:00,302.931,6.94
08-07-2005 00:00,304.40478,6.98
11-07-2005 00:00,307.58302,7.06
12-07-2005 00:00,306.4512,7.04
13-07-2005 00:00,305.41914,7.02
14-07-2005 00:00,302.5335,6.95
15-07-2005 00:00,302.464,6.95
18-07-2005 00:00,303.06624,6.96
19-07-2005 00:00,302.603,6.95
20-07-2005 00:00,305.98075,7.03
21-07-2005 00:00,307.5642,7.09
22-07-2005 00:00,307.50965,7.07
25-07-2005 00:00,309.2334,7.1
26-07-2005 00:00,303.3857,6.98
27-07-2005 00:00,304.15,7
28-07-2005 00:00,311.42895,7.17
29-07-2005 00:00,314.35317,7.23
01-08-2005 00:00,315.1566,7.26
02-08-2005 00:00,314.32992,7.22
03-08-2005 00:00,315.84515,7.27
04-08-2005 00:00,313.81525,7.21
05-08-2005 00:00,309.6132,7.12
08-08-2005 00:00,303.99296,6.98
09-08-2005 00:00,305.2855,7.01
10-08-2005 00:00,307.93385,7.07
11-08-2005 00:00,312.15452,7.16
12-08-2005 00:00,307.4277,7.06
15-08-2005 00:00,301.6124,6.94
16-08-2005 00:00,305.5455,7.02
17-08-2005 00:00,303.48077,6.97
18-08-2005 00:00,304.09766,6.98
19-08-2005 00:00,304.63119,6.99
22-08-2005 00:00,307.54215,7.05
23-08-2005 00:00,303.437,6.95
24-08-2005 00:00,302.28486,6.91
25-08-2005 00:00,298.08174,6.82
26-08-2005 00:00,294.101,6.73
29-08-2005 00:00,294.9408,6.72
30-08-2005 00:00,294.67443,6.69
31-08-2005 00:00,299.73097,6.79
01-09-2005 00:00,306.40704,6.96
02-09-2005 00:00,307.02,7
05-09-2005 00:00,308.8464,7.05
06-09-2005 00:00,308.12886,7.02
07-09-2005 00:00,309.1425,7.05
08-09-2005 00:00,305.022,6.96
09-09-2005 00:00,306.915,7
12-09-2005 00:00,306.42762,6.99
13-09-2005 00:00,305.13975,6.95
14-09-2005 00:00,306.50576,6.98
15-09-2005 00:00,307.61282,7.01
16-09-2005 00:00,316.7775,7.22
19-09-2005 00:00,321.3114,7.32
20-09-2005 00:00,320.58005,7.31
21-09-2005 00:00,322.55475,7.35
22-09-2005 00:00,323.2512,7.36
23-09-2005 00:00,319.26205,7.27
26-09-2005 00:00,321.35491,7.31
27-09-2005 00:00,319.70862,7.26
28-09-2005 00:00,323.2536,7.34
29-09-2005 00:00,329.71729,7.49
30-09-2005 00:00,326.7648,7.44
03-10-2005 00:00,325.86205,7.39
04-10-2005 00:00,325.4224,7.36
05-10-2005 00:00,328.0407,7.41
06-10-2005 00:00,333.46605,7.53
07-10-2005 00:00,342.324,7.71
10-10-2005 00:00,348.2328,7.78
11-10-2005 00:00,350.55185,7.81
12-10-2005 00:00,348.3495,7.78
13-10-2005 00:00,345.1776,7.68
14-10-2005 00:00,349.42045,7.79
17-10-2005 00:00,349.54509,7.79
18-10-2005 00:00,350.9709,7.77
19-10-2005 00:00,342.5367,7.59
20-10-2005 00:00,343.634,7.6
21-10-2005 00:00,344.2966,7.64
24-10-2005 00:00,345.57345,7.65
25-10-2005 00:00,350.2716,7.77
26-10-2005 00:00,351.468,7.8
27-10-2005 00:00,351.29005,7.79
28-10-2005 00:00,350.31045,7.77
31-10-2005 00:00,340.3179,7.54
01-11-2005 00:00,334.9759,7.42
02-11-2005 00:00,340.1279,7.51
03-11-2005 00:00,342.88315,7.57
04-11-2005 00:00,342.80325,7.53
07-11-2005 00:00,347.463,7.57
08-11-2005 00:00,347.1261,7.58
09-11-2005 00:00,349.7592,7.64
10-11-2005 00:00,351.0912,7.68
11-11-2005 00:00,352.611,7.72
14-11-2005 00:00,353.98125,7.75
15-11-2005 00:00,354.33,7.75
16-11-2005 00:00,365.1648,7.98
17-11-2005 00:00,369.2025,8.07
18-11-2005 00:00,367.9908,8.04
21-11-2005 00:00,370.656,8.1
22-11-2005 00:00,373.2597,8.14
23-11-2005 00:00,371.04872,8.11
24-11-2005 00:00,371.998,8.14
25-11-2005 00:00,375.56,8.2
28-11-2005 00:00,383.8495,8.35
29-11-2005 00:00,380.4281,8.29
30-11-2005 00:00,379.91553,8.27
01-12-2005 00:00,391.40043,8.51
02-12-2005 00:00,394.3772,8.54
05-12-2005 00:00,399.86242,8.63
06-12-2005 00:00,400.8424,8.68
07-12-2005 00:00,405.71502,8.78
08-12-2005 00:00,411.23362,8.89
09-12-2005 00:00,415.2481,8.99
12-12-2005 00:00,405.03896,8.78
13-12-2005 00:00,390.8432,8.48
14-12-2005 00:00,382.6764,8.37
15-12-2005 00:00,387.92096,8.54
16-12-2005 00:00,386.382,8.52
19-12-2005 00:00,385.0065,8.55
20-12-2005 00:00,375.6951,8.31
21-12-2005 00:00,377.587,8.35
22-12-2005 00:00,383.5782,8.49
23-12-2005 00:00,386.5696,8.56
27-12-2005 00:00,394.58,8.72
28-12-2005 00:00,399.0996,8.85
29-12-2005 00:00,397.408,8.8
30-12-2005 00:00,397.0764,8.82
03-01-2006 00:00,408.60908,9.08
04-01-2006 00:00,407.1411,9.09
05-01-2006 00:00,392.03654,8.77
06-01-2006 00:00,406.0327,9.11
09-01-2006 00:00,407.9109,9.21
10-01-2006 00:00,395.6397,8.94
11-01-2006 00:00,398.5487,9.02
12-01-2006 00:00,396.7287,8.99
13-01-2006 00:00,402.3234,9.09
16-01-2006 00:00,408.5928,9.24
17-01-2006 00:00,399.132,9
18-01-2006 00:00,390.896,8.8
19-01-2006 00:00,401.73852,9.06
20-01-2006 00:00,392.055,8.86
23-01-2006 00:00,397.665,9
24-01-2006 00:00,407.238,9.2
25-01-2006 00:00,418.3846,9.47
26-01-2006 00:00,421.118,9.56
27-01-2006 00:00,422.88994,9.58
30-01-2006 00:00,430.6112,9.76
31-01-2006 00:00,434.2392,9.84
01-02-2006 00:00,431.0475,9.75
02-02-2006 00:00,435.54792,9.84
03-02-2006 00:00,429.60456,9.72
06-02-2006 00:00,429.9156,9.72
07-02-2006 00:00,414.5022,9.38
08-02-2006 00:00,416.42073,9.41
09-02-2006 00:00,426.7371,9.67
10-02-2006 00:00,413.03625,9.35
13-02-2006 00:00,401.1661,9.07
14-02-2006 00:00,411.2274,9.3
15-02-2006 00:00,407.1,9.2
16-02-2006 00:00,415.0224,9.36
17-02-2006 00:00,417.548,9.4
20-02-2006 00:00,420.9764,9.49
21-02-2006 00:00,424.16325,9.55
22-02-2006 00:00,427.95375,9.59
23-02-2006 00:00,422.8146,9.51
24-02-2006 00:00,432.4985,9.73
27-02-2006 00:00,428.3424,9.63
28-02-2006 00:00,431.2336,9.73
01-03-2006 00:00,432.0225,9.75
02-03-2006 00:00,451.11069,10.17
03-03-2006 00:00,451.5883,10.21
06-03-2006 00:00,444.44936,10.03
07-03-2006 00:00,445.76775,10.05
08-03-2006 00:00,436.2044,9.82
09-03-2006 00:00,443.0208,9.96
10-03-2006 00:00,441.44,9.92
13-03-2006 00:00,450.46144,10.12
14-03-2006 00:00,453.186,10.2
15-03-2006 00:00,457.2485,10.31
16-03-2006 00:00,458.5176,10.32
17-03-2006 00:00,458.7858,10.34
20-03-2006 00:00,458.1355,10.33
21-03-2006 00:00,466.7724,10.52
22-03-2006 00:00,465.3915,10.47
23-03-2006 00:00,473.54384,10.64
24-03-2006 00:00,478.0048,10.72
27-03-2006 00:00,485.61725,10.87
28-03-2006 00:00,483.5595,10.83
29-03-2006 00:00,494.4373,11.06
30-03-2006 00:00,515.361,11.55
31-03-2006 00:00,510.88755,11.45
03-04-2006 00:00,523.6728,11.76
04-04-2006 00:00,523.3199,11.71
05-04-2006 00:00,523.2474,11.7
06-04-2006 00:00,536.7529,12.07
07-04-2006 00:00,538.9614,12.06
10-04-2006 00:00,563.00555,12.55
11-04-2006 00:00,564.2975,12.61
12-04-2006 00:00,575.36376,12.72
13-04-2006 00:00,581.10624,12.87
17-04-2006 00:00,605.48832,13.41
18-04-2006 00:00,626.53564,13.87
19-04-2006 00:00,656.7288,14.56
20-04-2006 00:00,565.69194,12.54
21-04-2006 00:00,584.18924,12.94
24-04-2006 00:00,525.8961,11.71
25-04-2006 00:00,566.64094,12.58
26-04-2006 00:00,579.48204,12.84
27-04-2006 00:00,567.94179,12.61
28-04-2006 00:00,610.28136,13.56
01-05-2006 00:00,626.48352,13.92
02-05-2006 00:00,636.3275,14.18
03-05-2006 00:00,619.1232,13.8
04-05-2006 00:00,619.3089,13.79
05-05-2006 00:00,626.98275,13.95
08-05-2006 00:00,619.068,13.8
09-05-2006 00:00,647.54217,14.41
10-05-2006 00:00,642.6992,14.3
11-05-2006 00:00,672.50408,14.92
12-05-2006 00:00,642.23562,14.27
15-05-2006 00:00,603.43998,13.27
16-05-2006 00:00,621.14325,13.65
17-05-2006 00:00,594.54248,13.16
18-05-2006 00:00,572.22809,12.59
19-05-2006 00:00,566.80372,12.44
22-05-2006 00:00,565.7719,12.41
23-05-2006 00:00,601.0092,13.2
24-05-2006 00:00,568.9401,12.45
25-05-2006 00:00,579.24969,12.63
26-05-2006 00:00,581.93802,12.69
30-05-2006 00:00,603.2956,13.04
31-05-2006 00:00,579.4375,12.5
01-06-2006 00:00,553.87956,11.96
02-06-2006 00:00,556.0656,12.12
05-06-2006 00:00,565.7004,12.33
06-06-2006 00:00,542.8335,11.82
07-06-2006 00:00,545.98104,11.88
08-06-2006 00:00,511.1864,11.12
09-06-2006 00:00,516.9375,11.25
12-06-2006 00:00,508.5166,11.08
13-06-2006 00:00,440.3157,9.57
14-06-2006 00:00,442.3276,9.62
15-06-2006 00:00,458.20126,9.97
16-06-2006 00:00,471.338,10.28
19-06-2006 00:00,459.2,10
20-06-2006 00:00,470.528,10.24
21-06-2006 00:00,482.475,10.5
22-06-2006 00:00,471.0398,10.22
23-06-2006 00:00,475.2935,10.3
26-06-2006 00:00,476.2199,10.27
27-06-2006 00:00,476.2199,10.27
28-06-2006 00:00,472.5103,10.19
29-06-2006 00:00,480.7453,10.39
30-06-2006 00:00,506.33,11
03-07-2006 00:00,520.591,11.3
04-07-2006 00:00,517.6311,11.27
05-07-2006 00:00,526.1765,11.42
06-07-2006 00:00,534.4749,11.58
07-07-2006 00:00,525.198,11.4
10-07-2006 00:00,505.6944,10.96
11-07-2006 00:00,531.07,11.5
12-07-2006 00:00,530.67448,11.48
13-07-2006 00:00,531.4092,11.48
14-07-2006 00:00,532.098,11.48
17-07-2006 00:00,515.4576,11.04
18-07-2006 00:00,486.99756,10.43
19-07-2006 00:00,520.0686,11.07
20-07-2006 00:00,515.9564,11.02
21-07-2006 00:00,504.0728,10.78
24-07-2006 00:00,507.7285,10.82
25-07-2006 00:00,510.229,10.9
26-07-2006 00:00,515.10285,11.01
27-07-2006 00:00,527.14779,11.31
28-07-2006 00:00,527.1301,11.29
31-07-2006 00:00,526.8328,11.32
01-08-2006 00:00,542.7735,11.65
02-08-2006 00:00,569.3949,12.19
03-08-2006 00:00,560.2371,12.03
04-08-2006 00:00,578.2752,12.42
07-08-2006 00:00,566.5344,12.16
08-08-2006 00:00,565.8048,12.16
09-08-2006 00:00,581.27715,12.51
10-08-2006 00:00,561.3387,12.09
11-08-2006 00:00,554.6376,11.92
14-08-2006 00:00,563.57535,12.09
15-08-2006 00:00,560.3123,12.02
16-08-2006 00:00,571.1934,12.26
17-08-2006 00:00,555.01775,11.95
18-08-2006 00:00,558.4492,12.02
21-08-2006 00:00,572.3256,12.32
22-08-2006 00:00,569.5025,12.25
23-08-2006 00:00,580.2291,12.47
24-08-2006 00:00,570.9231,12.27
25-08-2006 00:00,575.9472,12.37
28-08-2006 00:00,557.6549,11.99
29-08-2006 00:00,564.5707,12.14
30-08-2006 00:00,580.46976,12.48
31-08-2006 00:00,596.5146,12.82
01-09-2006 00:00,600.237,12.9
04-09-2006 00:00,598.6482,12.92
05-09-2006 00:00,599.6592,12.96
06-09-2006 00:00,601.9965,13.05
07-09-2006 00:00,581.04825,12.57
08-09-2006 00:00,560.9894,12.14
11-09-2006 00:00,514.856,11.12
12-09-2006 00:00,508.6172,10.99
13-09-2006 00:00,511.7852,11.08
14-09-2006 00:00,496.1125,10.75
15-09-2006 00:00,496.7124,10.77
18-09-2006 00:00,514.111,11.14
19-09-2006 00:00,496.7424,10.78
20-09-2006 00:00,507.5088,11.04
21-09-2006 00:00,512.08865,11.17
22-09-2006 00:00,511.95225,11.15
25-09-2006 00:00,515.41314,11.22
26-09-2006 00:00,523.1427,11.39
27-09-2006 00:00,533.36962,11.62
28-09-2006 00:00,533.1312,11.61
29-09-2006 00:00,524.4064,11.42
02-10-2006 00:00,528.08,11.5
03-10-2006 00:00,494.6656,10.81
04-10-2006 00:00,490.5756,10.73
05-10-2006 00:00,502.6065,11.01
06-10-2006 00:00,504.8048,11.08
09-10-2006 00:00,515.039,11.27
10-10-2006 00:00,511.128,11.16
11-10-2006 00:00,512.0808,11.22
12-10-2006 00:00,514.4808,11.28
13-10-2006 00:00,527.548,11.62
16-10-2006 00:00,535.1654,11.78
17-10-2006 00:00,528.4032,11.68
18-10-2006 00:00,529.8048,11.68
19-10-2006 00:00,545.412,12.04
20-10-2006 00:00,538.7359,11.89
23-10-2006 00:00,526.176,11.6
24-10-2006 00:00,532.98,11.75
25-10-2006 00:00,535.7016,11.81
26-10-2006 00:00,548.3088,12.12
27-10-2006 00:00,541.7082,11.99
30-10-2006 00:00,545.6424,12.12
31-10-2006 00:00,549.7778,12.22
01-11-2006 00:00,559.7904,12.48
02-11-2006 00:00,563.3695,12.55
03-11-2006 00:00,563.45025,12.57
06-11-2006 00:00,568.0103,12.65
07-11-2006 00:00,563.472,12.6
08-11-2006 00:00,555.01254,12.42
09-11-2006 00:00,580.041,13.02
10-11-2006 00:00,581.23,13
13-11-2006 00:00,578.8926,12.87
14-11-2006 00:00,579.0794,12.82
15-11-2006 00:00,583.0724,12.86
16-11-2006 00:00,577.9917,12.87
17-11-2006 00:00,573.1792,12.76
20-11-2006 00:00,572.0184,12.72
21-11-2006 00:00,586.1895,13.07
22-11-2006 00:00,583.6137,13.03
23-11-2006 00:00,584.8612,13.09
24-11-2006 00:00,600.1867,13.43
27-11-2006 00:00,602.3285,13.49
28-11-2006 00:00,608.2309,13.61
29-11-2006 00:00,603.855,13.5
30-11-2006 00:00,621.5775,13.89
01-12-2006 00:00,624.7662,13.98
04-12-2006 00:00,628.414,14.09
05-12-2006 00:00,617.7988,13.88
06-12-2006 00:00,604.9672,13.54
07-12-2006 00:00,619.0181,13.87
08-12-2006 00:00,614.7625,13.75
11-12-2006 00:00,619.5166,13.81
12-12-2006 00:00,618.0678,13.79
13-12-2006 00:00,615.0024,13.74
14-12-2006 00:00,615.4148,13.78
15-12-2006 00:00,572.4789,12.81
18-12-2006 00:00,555.9939,12.43
19-12-2006 00:00,564.6188,12.62
20-12-2006 00:00,560.6634,12.54
21-12-2006 00:00,551.256,12.36
22-12-2006 00:00,559.228,12.55
26-12-2006 00:00,560.5804,12.62
27-12-2006 00:00,565.4556,12.77
28-12-2006 00:00,567.4709,12.83
29-12-2006 00:00,570.0123,12.87
02-01-2007 00:00,581.3136,13.14
03-01-2007 00:00,556.5925,12.55
04-01-2007 00:00,562.61,12.7
05-01-2007 00:00,539.0528,12.16
08-01-2007 00:00,544.3128,12.24
09-01-2007 00:00,553.7376,12.48
10-01-2007 00:00,550.9598,12.37
11-01-2007 00:00,550.563,12.35
12-01-2007 00:00,567.6265,12.77
15-01-2007 00:00,570.6403,12.89
16-01-2007 00:00,555.0204,12.54
17-01-2007 00:00,564.9343,12.79
18-01-2007 00:00,557.7972,12.58
19-01-2007 00:00,567.7275,12.83
22-01-2007 00:00,571.1932,12.92
23-01-2007 00:00,583.5256,13.19
24-01-2007 00:00,583.3468,13.18
25-01-2007 00:00,590.337,13.35
26-01-2007 00:00,587.6838,13.29
29-01-2007 00:00,582.114,13.17
30-01-2007 00:00,587.86,13.3
31-01-2007 00:00,594.7005,13.47
01-02-2007 00:00,601.5555,13.65
02-02-2007 00:00,587.5864,13.33
05-02-2007 00:00,594.7741,13.49
06-02-2007 00:00,598.7422,13.58
07-02-2007 00:00,600.6093,13.61
08-02-2007 00:00,605.493,13.73
09-02-2007 00:00,611.0874,13.86
12-02-2007 00:00,602.6152,13.64
13-02-2007 00:00,611.7545,13.85
14-02-2007 00:00,615.0328,13.94
15-02-2007 00:00,613.4544,13.92
16-02-2007 00:00,614.7765,13.95
19-02-2007 00:00,617.68,14
20-02-2007 00:00,609.684,13.8
21-02-2007 00:00,628.2396,14.22
22-02-2007 00:00,629.3772,14.22
23-02-2007 00:00,643.8312,14.54
26-02-2007 00:00,647.5322,14.66
27-02-2007 00:00,635.0103,14.37
28-02-2007 00:00,623.4624,14.08
01-03-2007 00:00,601.528,13.6
02-03-2007 00:00,571.1559,12.89
05-03-2007 00:00,564.376,12.64
06-03-2007 00:00,574.308,12.9
07-03-2007 00:00,577.0353,12.97
08-03-2007 00:00,574.6464,12.96
09-03-2007 00:00,568.6836,12.84
12-03-2007 00:00,573.9225,12.97
13-03-2007 00:00,565.248,12.8
14-03-2007 00:00,565.7706,12.78
15-03-2007 00:00,574.1054,12.98
16-03-2007 00:00,577.2204,13.08
19-03-2007 00:00,578.5078,13.13
20-03-2007 00:00,581.8362,13.29
21-03-2007 00:00,579.0453,13.29
22-03-2007 00:00,586.1511,13.41
23-03-2007 00:00,574.3024,13.16
26-03-2007 00:00,578.2212,13.32
27-03-2007 00:00,573.8802,13.22
28-03-2007 00:00,574.6563,13.33
29-03-2007 00:00,578.6275,13.25
30-03-2007 00:00,581.2936,13.36
02-04-2007 00:00,574.6256,13.28
03-04-2007 00:00,575.7122,13.37
04-04-2007 00:00,582.0846,13.54
05-04-2007 00:00,588.746,13.66
09-04-2007 00:00,591.2838,13.77
10-04-2007 00:00,594.0396,13.86
11-04-2007 00:00,590.212,13.79
12-04-2007 00:00,592.187,13.82
13-04-2007 00:00,598.3795,14.03
16-04-2007 00:00,589.6812,14.02
17-04-2007 00:00,583.2496,13.94
18-04-2007 00:00,584.0832,13.92
19-04-2007 00:00,574.8015,13.65
20-04-2007 00:00,581.856,13.92
23-04-2007 00:00,583.94,14
24-04-2007 00:00,565.125,13.75
25-04-2007 00:00,562.375,13.75
26-04-2007 00:00,544.0926,13.29
27-04-2007 00:00,552.1353,13.47
30-04-2007 00:00,553.871,13.45
01-05-2007 00:00,544.8114,13.23
02-05-2007 00:00,543.576,13.2
03-05-2007 00:00,550.9884,13.38
04-05-2007 00:00,549.0122,13.42
07-05-2007 00:00,548.1,13.5
08-05-2007 00:00,548.352,13.44
09-05-2007 00:00,546.8248,13.36
10-05-2007 00:00,535.122,13.02
11-05-2007 00:00,545.424,13.2
14-05-2007 00:00,536.5923,13.11
15-05-2007 00:00,539.0753,13.19
16-05-2007 00:00,525.4596,12.86
17-05-2007 00:00,521.984,12.8
18-05-2007 00:00,528.9663,12.93
21-05-2007 00:00,529.83,13.05
22-05-2007 00:00,522.837,12.9
23-05-2007 00:00,527.8157,13.01
24-05-2007 00:00,520.9188,12.84
25-05-2007 00:00,524.552,12.92
28-05-2007 00:00,524.552,12.92
29-05-2007 00:00,532.4328,13.14
30-05-2007 00:00,534.2597,13.13
31-05-2007 00:00,544.71,13.4
01-06-2007 00:00,553.2345,13.65
04-06-2007 00:00,552.825,13.65
05-06-2007 00:00,556.875,13.75
06-06-2007 00:00,556.645,13.66
07-06-2007 00:00,544.8483,13.41
08-06-2007 00:00,536.0334,13.02
11-06-2007 00:00,539.2322,13.21
12-06-2007 00:00,531.5569,13.07
13-06-2007 00:00,534.4906,13.03
14-06-2007 00:00,536.608,13.12
15-06-2007 00:00,540.9495,13.21
18-06-2007 00:00,537.6244,13.19
19-06-2007 00:00,542.79,13.32
20-06-2007 00:00,537.8882,13.19
21-06-2007 00:00,533.2716,13.08
22-06-2007 00:00,530.0442,13.02
25-06-2007 00:00,525.7395,12.87
26-06-2007 00:00,502.005,12.25
27-06-2007 00:00,501.9192,12.23
28-06-2007 00:00,508.174,12.44
29-06-2007 00:00,504.0252,12.39
02-07-2007 00:00,513.5358,12.63
03-07-2007 00:00,509.279,12.55
04-07-2007 00:00,511.11,12.62
05-07-2007 00:00,504.2868,12.47
06-07-2007 00:00,512.8029,12.69
09-07-2007 00:00,513.7382,12.71
10-07-2007 00:00,519.2868,12.86
11-07-2007 00:00,519.2868,12.86
12-07-2007 00:00,530.0016,13.08
13-07-2007 00:00,525.9943,13.01
16-07-2007 00:00,521.8702,12.94
17-07-2007 00:00,521.0636,12.92
18-07-2007 00:00,532.7356,13.18
19-07-2007 00:00,533.3072,13.24
20-07-2007 00:00,534.52,13.28
23-07-2007 00:00,532.5075,13.23
24-07-2007 00:00,534.793,13.3
25-07-2007 00:00,525.7605,13.03
26-07-2007 00:00,517.6716,12.82
27-07-2007 00:00,513.6162,12.66
30-07-2007 00:00,521.473,12.86
31-07-2007 00:00,521.1928,12.92
01-08-2007 00:00,521.8976,12.88
02-08-2007 00:00,523.584,12.96
03-08-2007 00:00,528.3124,13.09
06-08-2007 00:00,523.3095,12.95
07-08-2007 00:00,526.8285,13.05
08-08-2007 00:00,530.8239,13.11
09-08-2007 00:00,510.8576,12.62
10-08-2007 00:00,520.086,12.81
13-08-2007 00:00,519.6577,12.79
14-08-2007 00:00,516.71,12.68
15-08-2007 00:00,511.005,12.54
16-08-2007 00:00,476.5032,11.56
17-08-2007 00:00,485.3925,11.75
20-08-2007 00:00,479.232,11.7
21-08-2007 00:00,475.1328,11.51
22-08-2007 00:00,473.5062,11.58
23-08-2007 00:00,477.3005,11.65
24-08-2007 00:00,489.1968,11.92
27-08-2007 00:00,481.6896,11.76
28-08-2007 00:00,483.5712,11.76
29-08-2007 00:00,487.1535,11.85
30-08-2007 00:00,484.4511,11.79
31-08-2007 00:00,492.9176,12.04
03-09-2007 00:00,493.9974,12.09
04-09-2007 00:00,501.9244,12.26
05-09-2007 00:00,497.8747,12.17
06-09-2007 00:00,503.7936,12.36
07-09-2007 00:00,508.7817,12.51
10-09-2007 00:00,508.2813,12.51
11-09-2007 00:00,514.0219,12.67
12-09-2007 00:00,509.9484,12.61
13-09-2007 00:00,504.7209,12.49
14-09-2007 00:00,508.68,12.56
17-09-2007 00:00,516.4796,12.74
18-09-2007 00:00,517.4404,12.77
19-09-2007 00:00,520.59,12.95
20-09-2007 00:00,531.7305,13.35
21-09-2007 00:00,537.4416,13.49
24-09-2007 00:00,535.76925,13.47
25-09-2007 00:00,534.9792,13.44
26-09-2007 00:00,532.19285,13.37
27-09-2007 00:00,537.0225,13.51
28-09-2007 00:00,548.6713,13.81
01-10-2007 00:00,544.1775,13.69
02-10-2007 00:00,529.8675,13.33
03-10-2007 00:00,530.6673,13.33
04-10-2007 00:00,526.9245,13.35
05-10-2007 00:00,527.052,13.36
08-10-2007 00:00,521.7912,13.23
09-10-2007 00:00,530.7536,13.43
10-10-2007 00:00,531.5937,13.53
11-10-2007 00:00,544.028,13.85
12-10-2007 00:00,542.0064,13.76
15-10-2007 00:00,540.375,13.75
16-10-2007 00:00,533.586,13.56
17-10-2007 00:00,537.595,13.61
18-10-2007 00:00,543.7386,13.71
19-10-2007 00:00,538.0796,13.54
22-10-2007 00:00,535.4388,13.46
23-10-2007 00:00,536.3194,13.54
24-10-2007 00:00,534.6168,13.48
25-10-2007 00:00,547.6086,13.86
26-10-2007 00:00,559.906,14.2
29-10-2007 00:00,567.504,14.4
30-10-2007 00:00,558.0927,14.19
31-10-2007 00:00,570.285,14.5
01-11-2007 00:00,558.06,14.2
02-11-2007 00:00,573.0381,14.57
05-11-2007 00:00,576.3368,14.68
06-11-2007 00:00,600.504,15.28
07-11-2007 00:00,600.7441,15.29
08-11-2007 00:00,608.9119,15.49
09-11-2007 00:00,604.9498,15.46
12-11-2007 00:00,576.2304,14.64
13-11-2007 00:00,573.3122,14.54
14-11-2007 00:00,588.321,14.97
15-11-2007 00:00,567.9252,14.44
16-11-2007 00:00,568.3584,14.44
19-11-2007 00:00,557.3376,14.16
20-11-2007 00:00,572.1293,14.51
21-11-2007 00:00,570.4074,14.47
22-11-2007 00:00,574.1846,14.54
23-11-2007 00:00,583.002,14.7
26-11-2007 00:00,586.3226,14.78
27-11-2007 00:00,575.0008,14.44
28-11-2007 00:00,573.2298,14.41
29-11-2007 00:00,566.7809,14.23
30-11-2007 00:00,554.4468,13.98
03-12-2007 00:00,557.1456,14.08
04-12-2007 00:00,563.3118,14.29
05-12-2007 00:00,564.993,14.3
06-12-2007 00:00,571.4592,14.46
07-12-2007 00:00,564.602,14.33
10-12-2007 00:00,576.816,14.64
11-12-2007 00:00,578.592,14.7
12-12-2007 00:00,576.4775,14.65
13-12-2007 00:00,554.752,14.08
14-12-2007 00:00,543.4235,13.81
17-12-2007 00:00,545.6136,13.82
18-12-2007 00:00,554.54,14
19-12-2007 00:00,556.776,14.06
20-12-2007 00:00,563.192,14.24
21-12-2007 00:00,567.147,14.34
24-12-2007 00:00,573.3538,14.53
26-12-2007 00:00,577.8048,14.68
27-12-2007 00:00,578.6856,14.68
28-12-2007 00:00,582.2334,14.77
31-12-2007 00:00,582.6276,14.78
02-01-2008 00:00,597.6072,15.16
03-01-2008 00:00,604.7232,15.36
04-01-2008 00:00,600.897,15.29
07-01-2008 00:00,596.0293,15.17
08-01-2008 00:00,615.9894,15.69
09-01-2008 00:00,616.9315,15.7
10-01-2008 00:00,633.6564,16.14
11-01-2008 00:00,637.3521,16.23
14-01-2008 00:00,639.2483,16.27
15-01-2008 00:00,635.7813,16.19
16-01-2008 00:00,622.119,15.83
17-01-2008 00:00,624.6359,15.89
18-01-2008 00:00,634.2316,16.13
21-01-2008 00:00,615.2986,15.53
22-01-2008 00:00,631.5945,16.01
23-01-2008 00:00,626.2348,15.83
24-01-2008 00:00,643.524,16.3
25-01-2008 00:00,646.554,16.41
28-01-2008 00:00,656.6313,16.67
29-01-2008 00:00,657.98,16.7
30-01-2008 00:00,655.9488,16.64
31-01-2008 00:00,664.9593,16.89
01-02-2008 00:00,659.506,16.76
04-02-2008 00:00,659.2095,16.71
05-02-2008 00:00,643.9188,16.31
06-02-2008 00:00,654.157,16.54
07-02-2008 00:00,662.7504,16.77
08-02-2008 00:00,676.1972,17.08
11-02-2008 00:00,691.7967,17.43
12-02-2008 00:00,681.98,17.2
13-02-2008 00:00,687.5532,17.31
14-02-2008 00:00,681.636,17.2
15-02-2008 00:00,677.3928,17.08
18-02-2008 00:00,678.5884,17.08
19-02-2008 00:00,697.851,17.49
20-02-2008 00:00,711.4107,17.71
21-02-2008 00:00,713.9484,17.88
22-02-2008 00:00,717.6816,17.96
25-02-2008 00:00,722.4386,18.07
26-02-2008 00:00,747.1638,18.74
27-02-2008 00:00,763.9539,19.19
28-02-2008 00:00,788.6253,19.77
29-02-2008 00:00,787.4031,19.69
03-03-2008 00:00,813.456,20.16
04-03-2008 00:00,789.6495,19.57
05-03-2008 00:00,827.175,20.5
06-03-2008 00:00,816.684,20.24
07-03-2008 00:00,817.0732,20.12
10-03-2008 00:00,796.2528,19.68
11-03-2008 00:00,791.2278,19.58
12-03-2008 00:00,809.0175,20.05
13-03-2008 00:00,824.772,20.4
14-03-2008 00:00,834.4752,20.64
17-03-2008 00:00,820.482,20.1
18-03-2008 00:00,797.8388,19.69
19-03-2008 00:00,745.2732,18.42
20-03-2008 00:00,677.3004,16.74
24-03-2008 00:00,679.1862,16.87
25-03-2008 00:00,714.181,17.81
26-03-2008 00:00,737.9907,18.39
27-03-2008 00:00,741.048,18.48
28-03-2008 00:00,713.9899,17.89
31-03-2008 00:00,686.5686,17.19
01-04-2008 00:00,674.356,16.88
02-04-2008 00:00,688.8554,17.23
03-04-2008 00:00,696,17.4
04-04-2008 00:00,708.5771,17.71
07-04-2008 00:00,723.9309,18.13
08-04-2008 00:00,706.5766,17.66
09-04-2008 00:00,728.546,18.2
10-04-2008 00:00,716.8824,17.94
11-04-2008 00:00,708.2684,17.72
14-04-2008 00:00,709.0678,17.74
15-04-2008 00:00,710.7105,17.79
16-04-2008 00:00,730.2519,18.27
17-04-2008 00:00,728.3575,18.25
18-04-2008 00:00,713.5908,17.88
21-04-2008 00:00,696.0304,17.44
22-04-2008 00:00,707.115,17.7
23-04-2008 00:00,688,17.2
24-04-2008 00:00,670.171,16.7
25-04-2008 00:00,678.3024,16.89
28-04-2008 00:00,683.06,17
29-04-2008 00:00,668.4338,16.57
30-04-2008 00:00,672.5763,16.57
01-05-2008 00:00,654.3108,16.12
02-05-2008 00:00,667.3212,16.38
05-05-2008 00:00,679.5726,16.73
06-05-2008 00:00,688.4426,16.82
07-05-2008 00:00,687.3984,16.64
08-05-2008 00:00,700.8089,16.81
09-05-2008 00:00,698.7998,16.79
12-05-2008 00:00,719.5188,17.16
13-05-2008 00:00,703.6638,16.73
14-05-2008 00:00,704.2025,16.55
15-05-2008 00:00,707.958,16.65
16-05-2008 00:00,724.2735,16.95
19-05-2008 00:00,725.5554,16.98
20-05-2008 00:00,751.344,17.6
21-05-2008 00:00,768.8248,17.98
22-05-2008 00:00,770.2016,17.92
23-05-2008 00:00,777.686,18.2
26-05-2008 00:00,780.556,18.28
27-05-2008 00:00,745.938,17.4
28-05-2008 00:00,746.3526,17.43
29-05-2008 00:00,712.0966,16.63
30-05-2008 00:00,715.2825,16.85
02-06-2008 00:00,712.4952,16.82
03-06-2008 00:00,715.254,16.79
04-06-2008 00:00,722.3853,16.89
05-06-2008 00:00,733.59,17.1
06-06-2008 00:00,743.6902,17.38
09-06-2008 00:00,737.536,17.2
10-06-2008 00:00,713.2334,16.61
11-06-2008 00:00,723.5543,16.87
12-06-2008 00:00,707.9799,16.53
13-06-2008 00:00,709.6329,16.53
16-06-2008 00:00,735.6488,17.14
17-06-2008 00:00,731.9616,17.07
18-06-2008 00:00,744.8256,17.37
19-06-2008 00:00,749.907,17.46
20-06-2008 00:00,745.9592,17.36
23-06-2008 00:00,721.0366,16.78
24-06-2008 00:00,714.951,16.65
25-06-2008 00:00,709.0303,16.57
26-06-2008 00:00,732.9036,17.16
27-06-2008 00:00,753.3797,17.59
30-06-2008 00:00,748.3632,17.42
01-07-2008 00:00,785.902,18.1
02-07-2008 00:00,788.6494,18.26
03-07-2008 00:00,788.1504,18.24
04-07-2008 00:00,777.7044,18.04
07-07-2008 00:00,772.548,17.85
08-07-2008 00:00,770.74,17.8
09-07-2008 00:00,779.679,18.09
10-07-2008 00:00,784.1226,18.21
11-07-2008 00:00,803.3838,18.74
14-07-2008 00:00,820.7745,19.11
15-07-2008 00:00,818.6684,18.92
16-07-2008 00:00,809.3064,18.76
17-07-2008 00:00,796.7498,18.62
18-07-2008 00:00,774.9756,18.09
21-07-2008 00:00,784.0955,18.35
22-07-2008 00:00,767.4718,18.02
23-07-2008 00:00,736.4175,17.43
24-07-2008 00:00,725.7457,17.21
25-07-2008 00:00,735.0984,17.37
28-07-2008 00:00,739.7055,17.45
29-07-2008 00:00,735.1839,17.27
30-07-2008 00:00,738.8804,17.41
31-07-2008 00:00,754.5888,17.73
01-08-2008 00:00,741.0513,17.49
04-08-2008 00:00,721.7343,17.01
05-08-2008 00:00,701.35,16.6
06-08-2008 00:00,693.2549,16.51
07-08-2008 00:00,679.0746,16.18
08-08-2008 00:00,646.0062,15.33
11-08-2008 00:00,611.682,14.55
12-08-2008 00:00,616.1925,14.55
13-08-2008 00:00,633.9465,14.85
14-08-2008 00:00,612.3257,14.27
15-08-2008 00:00,548.3898,12.78
18-08-2008 00:00,568.962,13.14
19-08-2008 00:00,576.7568,13.18
20-08-2008 00:00,573.387,13.1
21-08-2008 00:00,601.956,13.8
22-08-2008 00:00,585.4062,13.47
25-08-2008 00:00,586.0803,13.39
26-08-2008 00:00,598.5036,13.59
27-08-2008 00:00,589.8848,13.48
28-08-2008 00:00,595.7097,13.61
29-08-2008 00:00,595.0445,13.57
01-09-2008 00:00,592.8384,13.44
02-09-2008 00:00,582.295,13.1
03-09-2008 00:00,575.6275,12.95
04-09-2008 00:00,571.4137,12.89
05-09-2008 00:00,544.8102,12.21
08-09-2008 00:00,535.08,12
09-09-2008 00:00,518.784,11.58
10-09-2008 00:00,490.1283,10.87
11-09-2008 00:00,479.9916,10.54
12-09-2008 00:00,490.5225,10.75
15-09-2008 00:00,504.57,11
16-09-2008 00:00,496.671,10.59
17-09-2008 00:00,561.3048,12.04
18-09-2008 00:00,588.1304,12.61
19-09-2008 00:00,567.7372,12.31
22-09-2008 00:00,608.9481,13.41
23-09-2008 00:00,601.9456,13.12
24-09-2008 00:00,612.9568,13.36
25-09-2008 00:00,607.6638,13.17
26-09-2008 00:00,622.832,13.4
29-09-2008 00:00,609.7197,12.97
30-09-2008 00:00,567.5754,12.03
01-10-2008 00:00,591.5623,12.67
02-10-2008 00:00,518.7259,11.11
03-10-2008 00:00,530.9687,11.29
06-10-2008 00:00,531.1335,11.17
07-10-2008 00:00,547.378,11.38
08-10-2008 00:00,567.637,11.62
09-10-2008 00:00,575.453,11.78
10-10-2008 00:00,466.08,9.6
13-10-2008 00:00,518.2016,10.76
14-10-2008 00:00,529.1406,11.01
15-10-2008 00:00,493.1433,10.17
16-10-2008 00:00,470.0464,9.64
17-10-2008 00:00,459.6405,9.39
20-10-2008 00:00,480.0016,9.82
21-10-2008 00:00,497.6368,10.16
22-10-2008 00:00,467.5536,9.48
23-10-2008 00:00,470.7296,9.46
24-10-2008 00:00,461.4825,9.25
27-10-2008 00:00,457.2309,9.11
28-10-2008 00:00,440.742,8.94
29-10-2008 00:00,487.06,9.8
30-10-2008 00:00,485.569,9.77
31-10-2008 00:00,485.1105,9.83
03-11-2008 00:00,474.5213,9.79
04-11-2008 00:00,484.8492,10.12
05-11-2008 00:00,495.4902,10.46
06-11-2008 00:00,481.669,10.1
07-11-2008 00:00,474.2568,9.93
10-11-2008 00:00,487.705,10.3
11-11-2008 00:00,469.3422,9.78
12-11-2008 00:00,464.0292,9.42
13-11-2008 00:00,447.2808,9.08
14-11-2008 00:00,469.1915,9.55
17-11-2008 00:00,461.988,9.39
18-11-2008 00:00,475.7428,9.58
19-11-2008 00:00,466.2528,9.34
20-11-2008 00:00,459,9.18
21-11-2008 00:00,478.1685,9.55
24-11-2008 00:00,522.8559,10.43
25-11-2008 00:00,513.9108,10.27
26-11-2008 00:00,505.7712,10.23
27-11-2008 00:00,511.2096,10.34
28-11-2008 00:00,515.5872,10.32
01-12-2008 00:00,467.1941,9.29
02-12-2008 00:00,478.455,9.55
03-12-2008 00:00,476.476,9.52
04-12-2008 00:00,476.4134,9.58
05-12-2008 00:00,469.098,9.45
08-12-2008 00:00,493.3114,9.98
09-12-2008 00:00,485.4026,9.82
10-12-2008 00:00,498.7182,10.18
11-12-2008 00:00,501.3895,10.37
12-12-2008 00:00,495.67,10.22
15-12-2008 00:00,512.213,10.66
16-12-2008 00:00,510.5595,10.67
17-12-2008 00:00,543.7062,11.42
18-12-2008 00:00,521.7,11.1
19-12-2008 00:00,512.2984,10.84
22-12-2008 00:00,518.4944,10.82
23-12-2008 00:00,501.15,10.28
24-12-2008 00:00,497.5908,10.36
26-12-2008 00:00,508.4316,10.52
29-12-2008 00:00,523.4768,10.78
30-12-2008 00:00,531.012,10.96
31-12-2008 00:00,549.2232,11.28
02-01-2009 00:00,560.9418,11.49
05-01-2009 00:00,548.1728,11.27
06-01-2009 00:00,556.8696,11.43
07-01-2009 00:00,541.236,11.1
08-01-2009 00:00,542.2112,11.12
09-01-2009 00:00,549.1005,11.31
12-01-2009 00:00,527.3118,10.81
13-01-2009 00:00,526.797,10.74
14-01-2009 00:00,513.0982,10.51
15-01-2009 00:00,516.0753,10.53
16-01-2009 00:00,547.7994,11.23
19-01-2009 00:00,543.5322,11.17
20-01-2009 00:00,547.6424,11.14
21-01-2009 00:00,554.1046,11.26
22-01-2009 00:00,559.327,11.38
23-01-2009 00:00,585.3276,11.88
26-01-2009 00:00,596.6597,12.11
27-01-2009 00:00,590.964,12.1
28-01-2009 00:00,587.4091,12.01
29-01-2009 00:00,594.9814,12.14
30-01-2009 00:00,617.022,12.6
02-02-2009 00:00,607.2339,12.39
03-02-2009 00:00,601.5897,12.31
04-02-2009 00:00,606.9375,12.45
05-02-2009 00:00,624.384,12.8
06-02-2009 00:00,638.944,13.12
09-02-2009 00:00,625.2246,12.87
10-02-2009 00:00,641.866,13.18
11-02-2009 00:00,658.0721,13.51
12-02-2009 00:00,661.6465,13.55
13-02-2009 00:00,664.0725,13.65
16-02-2009 00:00,663.952,13.6
17-02-2009 00:00,694.2044,14.03
18-02-2009 00:00,715.8568,14.32
19-02-2009 00:00,692.2604,13.94
20-02-2009 00:00,718.8232,14.44
23-02-2009 00:00,720.8144,14.48
24-02-2009 00:00,695.3856,13.93
25-02-2009 00:00,689.4798,13.82
26-02-2009 00:00,655.0535,13.01
27-02-2009 00:00,663.9968,13.04
02-03-2009 00:00,674.8266,13.02
03-03-2009 00:00,664.2856,12.76
04-03-2009 00:00,664.3476,12.86
05-03-2009 00:00,682.6928,13.21
06-03-2009 00:00,690.044,13.36
09-03-2009 00:00,669.7644,12.89
10-03-2009 00:00,655.2156,12.61
11-03-2009 00:00,663.5292,12.77
12-03-2009 00:00,671.069,12.95
13-03-2009 00:00,678.3617,13.19
16-03-2009 00:00,662.546,12.89
17-03-2009 00:00,652.526,12.7
18-03-2009 00:00,649.5846,12.66
19-03-2009 00:00,680.2285,13.51
20-03-2009 00:00,697.9072,13.76
23-03-2009 00:00,697.7235,13.83
24-03-2009 00:00,682.5875,13.45
25-03-2009 00:00,683.8081,13.49
26-03-2009 00:00,687.0122,13.58
27-03-2009 00:00,674.6839,13.31
30-03-2009 00:00,665.5824,13.02
31-03-2009 00:00,661.4284,13.01
01-04-2009 00:00,658.378,12.95
02-04-2009 00:00,653.9,13
03-04-2009 00:00,642.331,12.77
06-04-2009 00:00,608.3354,12.14
07-04-2009 00:00,613.8475,12.25
08-04-2009 00:00,617.6954,12.29
09-04-2009 00:00,618.3763,12.37
13-04-2009 00:00,634.8552,12.72
14-04-2009 00:00,638.3489,12.79
15-04-2009 00:00,636.416,12.8
16-04-2009 00:00,610.0576,12.26
17-04-2009 00:00,590.604,11.85
20-04-2009 00:00,605.0691,12.07
21-04-2009 00:00,606.356,12.05
22-04-2009 00:00,619.4496,12.32
23-04-2009 00:00,639.3939,12.77
24-04-2009 00:00,642.5665,12.89
27-04-2009 00:00,646.419,12.9
28-04-2009 00:00,629.3546,12.46
29-04-2009 00:00,639.6493,12.77
30-04-2009 00:00,621.6169,12.41
01-05-2009 00:00,624.1214,12.46
04-05-2009 00:00,649.9962,13.06
05-05-2009 00:00,659.3962,13.34
06-05-2009 00:00,680.2376,13.72
07-05-2009 00:00,687.7996,13.94
08-05-2009 00:00,688.851,13.95
11-05-2009 00:00,687.154,13.91
12-05-2009 00:00,701.8236,14.23
13-05-2009 00:00,695.94,14
14-05-2009 00:00,698.9746,14.03
15-05-2009 00:00,690.5101,13.93
18-05-2009 00:00,659.6486,13.78
19-05-2009 00:00,677.4677,14.17
20-05-2009 00:00,681.0614,14.29
21-05-2009 00:00,683.6522,14.42
22-05-2009 00:00,691.219,14.66
25-05-2009 00:00,698.7912,14.73
26-05-2009 00:00,697.88,14.6
27-05-2009 00:00,705.96,14.8
28-05-2009 00:00,720.7704,15.12
29-05-2009 00:00,736.9393,15.59
01-06-2009 00:00,737.272,15.7
02-06-2009 00:00,748.7246,15.91
03-06-2009 00:00,716.7738,15.27
04-06-2009 00:00,747.7944,15.87
05-06-2009 00:00,723.599,15.35
08-06-2009 00:00,713.0862,14.94
09-06-2009 00:00,719.322,15.15
10-06-2009 00:00,713.284,15.08
11-06-2009 00:00,731.8209,15.41
12-06-2009 00:00,709.2107,14.89
15-06-2009 00:00,674.432,14.08
16-06-2009 00:00,677.1312,14.16
17-06-2009 00:00,685.8684,14.28
18-06-2009 00:00,684.582,14.2
19-06-2009 00:00,682.3416,14.18
22-06-2009 00:00,667.975,13.75
23-06-2009 00:00,674.982,13.86
24-06-2009 00:00,673.8004,13.91
25-06-2009 00:00,681.3063,14.01
26-06-2009 00:00,679.1589,14.07
29-06-2009 00:00,670.248,13.92
30-06-2009 00:00,650.9529,13.57
01-07-2009 00:00,658.9027,13.73
02-07-2009 00:00,642.5861,13.39
03-07-2009 00:00,642.7413,13.41
06-07-2009 00:00,641.8752,13.24
07-07-2009 00:00,639.0084,13.17
08-07-2009 00:00,626.7204,12.84
09-07-2009 00:00,628.9752,12.91
10-07-2009 00:00,618.2055,12.65
13-07-2009 00:00,628.284,12.77
14-07-2009 00:00,627.7225,12.85
15-07-2009 00:00,644.9204,13.24
16-07-2009 00:00,644.2106,13.22
17-07-2009 00:00,652.312,13.4
20-07-2009 00:00,656.1381,13.61
21-07-2009 00:00,652.6462,13.49
22-07-2009 00:00,665.409,13.7
23-07-2009 00:00,665.9125,13.75
24-07-2009 00:00,669.8538,13.86
27-07-2009 00:00,674.8617,14.01
28-07-2009 00:00,659.929,13.7
29-07-2009 00:00,640.6836,13.24
30-07-2009 00:00,652.5668,13.48
31-07-2009 00:00,670.3872,13.92
03-08-2009 00:00,680.9644,14.27
04-08-2009 00:00,694.3381,14.59
05-08-2009 00:00,701.2608,14.72
06-08-2009 00:00,696.6048,14.61
07-08-2009 00:00,702.214,14.66
10-08-2009 00:00,687.2696,14.36
11-08-2009 00:00,687.8898,14.34
12-08-2009 00:00,704.0224,14.57
13-08-2009 00:00,719.6079,14.97
14-08-2009 00:00,708.5178,14.66
17-08-2009 00:00,685.0849,14.03
18-08-2009 00:00,677.7648,13.92
19-08-2009 00:00,681.8682,13.91
20-08-2009 00:00,675.957,13.9
21-08-2009 00:00,688.3176,14.16
24-08-2009 00:00,689.0664,14.19
25-08-2009 00:00,695.8644,14.28
26-08-2009 00:00,697.1496,14.28
27-08-2009 00:00,695.9893,14.23
28-08-2009 00:00,720.9684,14.78
31-08-2009 00:00,726.971,14.9
01-09-2009 00:00,733.6888,15.01
02-09-2009 00:00,751.5992,15.32
03-09-2009 00:00,791.5215,16.17
04-09-2009 00:00,789.089,16.15
07-09-2009 00:00,795.4312,16.34
08-09-2009 00:00,800.442,16.47
09-09-2009 00:00,796.8626,16.42
10-09-2009 00:00,808.191,16.65
11-09-2009 00:00,809.9657,16.69
14-09-2009 00:00,805.6722,16.53
15-09-2009 00:00,827.6826,17.02
16-09-2009 00:00,837.7551,17.37
17-09-2009 00:00,828.8625,17.25
18-09-2009 00:00,821.128,17.05
21-09-2009 00:00,811.0144,16.84
22-09-2009 00:00,818.9115,17.05
23-09-2009 00:00,814.6446,16.94
24-09-2009 00:00,779.3646,16.23
25-09-2009 00:00,772.0028,16.07
28-09-2009 00:00,776.3264,16.16
29-09-2009 00:00,776.9685,16.17
30-09-2009 00:00,794.2698,16.62
01-10-2009 00:00,785.01,16.44
02-10-2009 00:00,770.685,16.14
05-10-2009 00:00,788.6886,16.59
06-10-2009 00:00,807.93,17.19
07-10-2009 00:00,812.9352,17.43
08-10-2009 00:00,823.7088,17.76
09-10-2009 00:00,821.142,17.64
12-10-2009 00:00,826.81,17.8
13-10-2009 00:00,828.2035,17.83
14-10-2009 00:00,824.0604,17.86
15-10-2009 00:00,800.4617,17.39
16-10-2009 00:00,807.525,17.46
19-10-2009 00:00,814,17.6
20-10-2009 00:00,809.1202,17.54
21-10-2009 00:00,822.3852,17.72
22-10-2009 00:00,820.8704,17.57
23-10-2009 00:00,821.8774,17.69
26-10-2009 00:00,797.202,17.1
27-10-2009 00:00,779.9766,16.62
28-10-2009 00:00,763.7216,16.16
29-10-2009 00:00,785.6012,16.63
30-10-2009 00:00,764.2019,16.27
02-11-2009 00:00,767.4898,16.34
03-11-2009 00:00,813.6027,17.19
04-11-2009 00:00,815.6235,17.35
05-11-2009 00:00,815.1534,17.34
06-11-2009 00:00,810.0564,17.32
09-11-2009 00:00,811.475,17.5
10-11-2009 00:00,801.435,17.25
11-11-2009 00:00,812.052,17.52
12-11-2009 00:00,805.7805,17.31
13-11-2009 00:00,804.1725,17.35
16-11-2009 00:00,849.9858,18.39
17-11-2009 00:00,850.9053,18.39
18-11-2009 00:00,853.4058,18.46
19-11-2009 00:00,863.5876,18.52
20-11-2009 00:00,860.8867,18.47
23-11-2009 00:00,863.7824,18.56
24-11-2009 00:00,852.7354,18.37
25-11-2009 00:00,869.6012,18.79
26-11-2009 00:00,866.5736,18.64
27-11-2009 00:00,851.5647,18.27
30-11-2009 00:00,856.1692,18.44
01-12-2009 00:00,882.8316,19.08
02-12-2009 00:00,891.6229,19.27
03-12-2009 00:00,878.3955,19.05
04-12-2009 00:00,852.4776,18.42
07-12-2009 00:00,847.188,18.18
08-12-2009 00:00,821.2682,17.62
09-12-2009 00:00,801.8139,17.21
10-12-2009 00:00,802.9686,17.22
11-12-2009 00:00,797.4015,17.13
14-12-2009 00:00,810.245,17.35
15-12-2009 00:00,814.448,17.44
16-12-2009 00:00,825.0616,17.69
17-12-2009 00:00,807.024,17.2
18-12-2009 00:00,806.61,17.25
21-12-2009 00:00,795.8979,17.01
22-12-2009 00:00,794.8338,16.98
23-12-2009 00:00,803.649,17.15
24-12-2009 00:00,811.8198,17.38
28-12-2009 00:00,817.425,17.5
29-12-2009 00:00,797.2944,17.08
30-12-2009 00:00,783.6621,16.77
31-12-2009 00:00,783.2284,16.84
04-01-2010 00:00,806.7202,17.42
05-01-2010 00:00,820.3344,17.76
06-01-2010 00:00,835.744,18.2
07-01-2010 00:00,832.3818,18.23
08-01-2010 00:00,846.5688,18.48
11-01-2010 00:00,840.8715,18.55
12-01-2010 00:00,831.6525,18.25
13-01-2010 00:00,850.003,18.62
14-01-2010 00:00,850.896,18.66
15-01-2010 00:00,841.7103,18.39
18-01-2010 00:00,851.2888,18.64
19-01-2010 00:00,859.0204,18.76
20-01-2010 00:00,821.151,17.89
21-01-2010 00:00,801.5051,17.39
22-01-2010 00:00,786.0552,17.04
25-01-2010 00:00,789.6398,17.14
26-01-2010 00:00,773.0546,16.78
27-01-2010 00:00,769.41,16.6
28-01-2010 00:00,751.6113,16.23
29-01-2010 00:00,748.764,16.2
01-02-2010 00:00,773.6184,16.68
02-02-2010 00:00,772.3362,16.71
03-02-2010 00:00,753.48,16.38
04-02-2010 00:00,705.9321,15.27
05-02-2010 00:00,708.111,15.15
08-02-2010 00:00,701.85,15
09-02-2010 00:00,721.209,15.46
10-02-2010 00:00,706.4869,15.19
11-02-2010 00:00,724.152,15.6
12-02-2010 00:00,720.4384,15.52
15-02-2010 00:00,719.502,15.54
16-02-2010 00:00,744.744,16.12
17-02-2010 00:00,733.451,15.91
18-02-2010 00:00,732.2832,15.84
19-02-2010 00:00,755.6423,16.31
22-02-2010 00:00,749.364,16.22
23-02-2010 00:00,731.346,15.83
24-02-2010 00:00,737.0811,15.93
25-02-2010 00:00,747.9481,16.13
26-02-2010 00:00,759.2998,16.46
01-03-2010 00:00,757.9159,16.43
02-03-2010 00:00,778.3673,16.91
03-03-2010 00:00,786.6144,17.16
04-03-2010 00:00,784.2672,17.12
05-03-2010 00:00,791.571,17.34
08-03-2010 00:00,783.7927,17.23
09-03-2010 00:00,786.8834,17.26
10-03-2010 00:00,773.2186,17.02
11-03-2010 00:00,781.8685,17.15
12-03-2010 00:00,774.411,17.05
15-03-2010 00:00,782.1558,17.13
16-03-2010 00:00,794.9152,17.44
17-03-2010 00:00,791.9856,17.46
18-03-2010 00:00,791.1104,17.41
19-03-2010 00:00,772.7598,16.98
22-03-2010 00:00,772.3584,16.96
23-03-2010 00:00,776.112,17.02
24-03-2010 00:00,755.136,16.56
25-03-2010 00:00,756.2533,16.61
26-03-2010 00:00,766.5303,16.91
29-03-2010 00:00,783.4195,17.39
30-03-2010 00:00,778.7043,17.27
31-03-2010 00:00,786.8,17.5
01-04-2010 00:00,803.9812,17.93
02-04-2010 00:00,799.0488,17.82
05-04-2010 00:00,805.7413,18.07
06-04-2010 00:00,796.2786,17.91
07-04-2010 00:00,807.23,18.14
08-04-2010 00:00,803.7536,18.07
09-04-2010 00:00,814.752,18.4
12-04-2010 00:00,809.9808,18.21
13-04-2010 00:00,811.2555,18.21
14-04-2010 00:00,821.0565,18.43
15-04-2010 00:00,817.8033,18.39
16-04-2010 00:00,786.6801,17.73
19-04-2010 00:00,789.5888,17.68
20-04-2010 00:00,793.88,17.84
21-04-2010 00:00,801.9615,18.05
22-04-2010 00:00,800.8292,17.98
23-04-2010 00:00,814.5072,18.32
26-04-2010 00:00,812.6247,18.29
27-04-2010 00:00,807.212,18.16
28-04-2010 00:00,808.346,18.1
29-04-2010 00:00,821.025,18.45
30-04-2010 00:00,828.2465,18.65
03-05-2010 00:00,838.104,18.8
04-05-2010 00:00,797.3594,17.87
05-05-2010 00:00,783.6284,17.48
06-05-2010 00:00,799.998,17.66
07-05-2010 00:00,837.7668,18.36
10-05-2010 00:00,830.835,18.5
11-05-2010 00:00,873.2583,19.29
12-05-2010 00:00,880.425,19.5
13-05-2010 00:00,875.842,19.42
14-05-2010 00:00,874.6164,19.32
17-05-2010 00:00,863.4306,18.91
18-05-2010 00:00,863.362,18.95
19-05-2010 00:00,842.296,18.2
20-05-2010 00:00,825.0752,17.66
21-05-2010 00:00,829.4902,17.66
24-05-2010 00:00,837.3204,17.88
25-05-2010 00:00,856.215,17.95
26-05-2010 00:00,855.0724,18.07
27-05-2010 00:00,864.5924,18.49
28-05-2010 00:00,853.3035,18.41
31-05-2010 00:00,862.7622,18.57
01-06-2010 00:00,867.111,18.41
02-06-2010 00:00,861.2464,18.34
03-06-2010 00:00,838.0478,17.98
04-06-2010 00:00,813.9852,17.46
07-06-2010 00:00,852.4377,18.11
08-06-2010 00:00,860.8824,18.27
09-06-2010 00:00,851.3511,18.11
10-06-2010 00:00,856.4454,18.23
11-06-2010 00:00,853.5286,18.23
14-06-2010 00:00,846.4189,18.23
15-06-2010 00:00,863.1315,18.55
16-06-2010 00:00,856.3594,18.46
17-06-2010 00:00,867.7698,18.71
18-06-2010 00:00,884.8088,19.16
21-06-2010 00:00,856.8975,18.73
22-06-2010 00:00,867.432,18.8
23-06-2010 00:00,855.8092,18.52
24-06-2010 00:00,866.0048,18.68
25-06-2010 00:00,886.4806,19.06
28-06-2010 00:00,864.5768,18.73
29-06-2010 00:00,862.2009,18.53
30-06-2010 00:00,864.9928,18.61
01-07-2010 00:00,837.4748,17.96
02-07-2010 00:00,835.8597,17.91
05-07-2010 00:00,838.3671,17.91
06-07-2010 00:00,838.3671,17.91
07-07-2010 00:00,850.516,18.05
08-07-2010 00:00,847.483,18.07
09-07-2010 00:00,846.6425,18.11
12-07-2010 00:00,837.6507,17.91
13-07-2010 00:00,852.7994,18.23
14-07-2010 00:00,852.6609,18.27
15-07-2010 00:00,856.1112,18.34
16-07-2010 00:00,835.7112,17.88
19-07-2010 00:00,829.0788,17.61
20-07-2010 00:00,836.0872,17.68
21-07-2010 00:00,833.9052,17.66
22-07-2010 00:00,852.6528,18.08
23-07-2010 00:00,850.0834,18.11
26-07-2010 00:00,854.46,18.18
27-07-2010 00:00,824.8356,17.67
28-07-2010 00:00,818.2423,17.51
29-07-2010 00:00,820.0977,17.61
30-07-2010 00:00,837.1488,17.98
02-08-2010 00:00,846.7578,18.34
03-08-2010 00:00,847.314,18.36
04-08-2010 00:00,844.6322,18.29
05-08-2010 00:00,847.1246,18.34
06-08-2010 00:00,851.0976,18.47
09-08-2010 00:00,844.9238,18.34
10-08-2010 00:00,847.5586,18.29
11-08-2010 00:00,834.2107,17.89
12-08-2010 00:00,846.6528,18.06
13-08-2010 00:00,848.7984,18.16
16-08-2010 00:00,861.2868,18.38
17-08-2010 00:00,862.285,18.5
18-08-2010 00:00,855.576,18.36
19-08-2010 00:00,850.035,18.3
20-08-2010 00:00,840.4528,18.02
23-08-2010 00:00,839.88,18
24-08-2010 00:00,861.063,18.34
25-08-2010 00:00,887.2572,18.91
26-08-2010 00:00,886.6812,18.93
27-08-2010 00:00,895.4244,19.08
30-08-2010 00:00,892.1264,19.03
31-08-2010 00:00,909.92,19.36
01-09-2010 00:00,906.4352,19.36
02-09-2010 00:00,918.2914,19.63
03-09-2010 00:00,923.7403,19.81
06-09-2010 00:00,927.4755,19.95
07-09-2010 00:00,926.3699,19.79
08-09-2010 00:00,929.3988,19.91
09-09-2010 00:00,916.444,19.7
10-09-2010 00:00,925.2828,19.89
13-09-2010 00:00,929.518,20.05
14-09-2010 00:00,949.4935,20.45
15-09-2010 00:00,953.1616,20.56
16-09-2010 00:00,957.6125,20.75
17-09-2010 00:00,950.0559,20.73
20-09-2010 00:00,946.7391,20.73
21-09-2010 00:00,954.998,20.92
22-09-2010 00:00,960.505,21.11
23-09-2010 00:00,963.4604,21.11
24-09-2010 00:00,970.5647,21.43
27-09-2010 00:00,966.493,21.43
28-09-2010 00:00,980.8922,21.73
29-09-2010 00:00,985.281,21.9
30-09-2010 00:00,974.1559,21.73
01-10-2010 00:00,983.664,22.08
04-10-2010 00:00,975.6118,21.86
05-10-2010 00:00,1020.0344,22.84
06-10-2010 00:00,1029.2304,23.16
07-10-2010 00:00,997.425,22.5
08-10-2010 00:00,1030.312,23.2
11-10-2010 00:00,1033.188,23.27
12-10-2010 00:00,1040.3643,23.29
13-10-2010 00:00,1066.56,24
14-10-2010 00:00,1087.2192,24.62
15-10-2010 00:00,1070.658,24.3
18-10-2010 00:00,1077.5318,24.34
19-10-2010 00:00,1033.962,23.34
20-10-2010 00:00,1060.1694,23.91
21-10-2010 00:00,1026.4904,23.14
22-10-2010 00:00,1036.233,23.26
25-10-2010 00:00,1047.3396,23.61
26-10-2010 00:00,1059.2754,23.82
27-10-2010 00:00,1047.53,23.54
28-10-2010 00:00,1068.24,24
29-10-2010 00:00,1101.4742,24.73
01-11-2010 00:00,1093.1762,24.61
02-11-2010 00:00,1105.6138,24.89
03-11-2010 00:00,1099.7742,24.82
04-11-2010 00:00,1161.934,26.3
05-11-2010 00:00,1179.606,26.7
08-11-2010 00:00,1229.88,27.7
09-11-2010 00:00,1192.3821,26.91
10-11-2010 00:00,1201.9584,27.12
11-11-2010 00:00,1226.1678,27.66
12-11-2010 00:00,1164.956,26.05
15-11-2010 00:00,1153.504,25.52
16-11-2010 00:00,1149.4053,25.39
17-11-2010 00:00,1160.7228,25.64
18-11-2010 00:00,1220.2096,26.96
19-11-2010 00:00,1234.5996,27.29
22-11-2010 00:00,1263.1724,27.86
23-11-2010 00:00,1254.55,27.5
24-11-2010 00:00,1259.4042,27.54
25-11-2010 00:00,1252.7104,27.52
26-11-2010 00:00,1220.2282,26.66
29-11-2010 00:00,1245.4546,27.14
30-11-2010 00:00,1290.3779,28.07
01-12-2010 00:00,1289.36,28.4
02-12-2010 00:00,1292.4585,28.55
03-12-2010 00:00,1324.7442,29.38
06-12-2010 00:00,1353.7514,30.07
07-12-2010 00:00,1279.4392,28.61
08-12-2010 00:00,1278.134,28.34
09-12-2010 00:00,1299.58,28.72
10-12-2010 00:00,1289.3728,28.64
13-12-2010 00:00,1331.925,29.5
14-12-2010 00:00,1323.6378,29.46
15-12-2010 00:00,1306.2792,28.76
16-12-2010 00:00,1308.059,28.85
17-12-2010 00:00,1319.8474,29.11
20-12-2010 00:00,1330.806,29.3
21-12-2010 00:00,1325.5572,29.32
22-12-2010 00:00,1315.752,29.2
23-12-2010 00:00,1318.6986,29.22
27-12-2010 00:00,1321.7525,29.21
28-12-2010 00:00,1365.0286,30.26
29-12-2010 00:00,1374.635,30.5
30-12-2010 00:00,1364.8149,30.39
31-12-2010 00:00,1378.8248,30.86
03-01-2011 00:00,1371.396,30.68
04-01-2011 00:00,1336.6675,29.75
05-01-2011 00:00,1322.7894,29.22
06-01-2011 00:00,1315.9299,29.03
07-01-2011 00:00,1294.3007,28.49
10-01-2011 00:00,1320.9035,29.05
11-01-2011 00:00,1329.6474,29.43
12-01-2011 00:00,1337.0468,29.62
13-01-2011 00:00,1296.699,28.65
14-01-2011 00:00,1289.4154,28.42
17-01-2011 00:00,1287.4158,28.27
18-01-2011 00:00,1311.687,28.86
19-01-2011 00:00,1308.096,28.8
20-01-2011 00:00,1250.7091,27.47
21-01-2011 00:00,1255.1934,27.49
24-01-2011 00:00,1228.6505,26.95
25-01-2011 00:00,1229.6508,26.86
26-01-2011 00:00,1263.0702,27.59
27-01-2011 00:00,1227.096,26.91
28-01-2011 00:00,1280.8476,27.96
31-01-2011 00:00,1288.617,28.05
01-02-2011 00:00,1308.1066,28.58
02-02-2011 00:00,1291.392,28.32
03-02-2011 00:00,1318.0069,28.91
04-02-2011 00:00,1328.1632,29.12
07-02-2011 00:00,1337.8609,29.41
08-02-2011 00:00,1373.6457,30.33
09-02-2011 00:00,1372.4374,30.19
10-02-2011 00:00,1378.9242,30.18
11-02-2011 00:00,1368.3825,29.91
14-02-2011 00:00,1390.0179,30.57
15-02-2011 00:00,1398.8175,30.75
16-02-2011 00:00,1393.4856,30.68
17-02-2011 00:00,1440.4975,31.75
18-02-2011 00:00,1475.4535,32.65
21-02-2011 00:00,1526.6328,33.88
22-02-2011 00:00,1496.1735,33.05
23-02-2011 00:00,1513.7632,33.52
24-02-2011 00:00,1461.5937,32.13
25-02-2011 00:00,1511.9947,33.37
28-02-2011 00:00,1535.898,33.95
01-03-2011 00:00,1558.724,34.7
02-03-2011 00:00,1557.3764,34.67
03-03-2011 00:00,1540.6014,34.19
04-03-2011 00:00,1602.1876,35.62
07-03-2011 00:00,1619.2736,35.92
08-03-2011 00:00,1623.6,36
09-03-2011 00:00,1625.4887,36.13
10-03-2011 00:00,1593.2448,35.28
11-03-2011 00:00,1626.0048,35.91
14-03-2011 00:00,1614.2336,35.84
15-03-2011 00:00,1547.2176,34.17
16-03-2011 00:00,1530.585,33.9
17-03-2011 00:00,1559.2684,34.52
18-03-2011 00:00,1592.0878,35.27
21-03-2011 00:00,1625.404,36.08
22-03-2011 00:00,1634.1041,36.37
23-03-2011 00:00,1675.6708,37.37
24-03-2011 00:00,1673.4224,37.42
25-03-2011 00:00,1666.4112,37.33
28-03-2011 00:00,1666.4718,37.14
29-03-2011 00:00,1661.8624,37.12
30-03-2011 00:00,1676.7096,37.46
31-03-2011 00:00,1678.1296,37.66
01-04-2011 00:00,1682.1,37.8
04-04-2011 00:00,1713.3378,38.58
05-04-2011 00:00,1744.4248,39.28
06-04-2011 00:00,1745.458,39.49
07-04-2011 00:00,1750.8534,39.63
08-04-2011 00:00,1804.1944,40.93
11-04-2011 00:00,1782.1482,40.22
12-04-2011 00:00,1775.9448,40.08
13-04-2011 00:00,1806.0035,40.63
14-04-2011 00:00,1873.123,42.14
15-04-2011 00:00,1910.4462,42.97
18-04-2011 00:00,1923.8832,43.36
19-04-2011 00:00,1954.885,43.93
20-04-2011 00:00,2005.9416,45.24
21-04-2011 00:00,2064.4029,46.59
25-04-2011 00:00,2088.8055,46.95
26-04-2011 00:00,2028.755,45.59
27-04-2011 00:00,2124.232,47.8
28-04-2011 00:00,2151.624,48.46
29-04-2011 00:00,2121.9339,47.91
02-05-2011 00:00,1950.0732,43.98
03-05-2011 00:00,1853.0085,41.65
04-05-2011 00:00,1755.08,39.44
05-05-2011 00:00,1552.0837,34.73
06-05-2011 00:00,1595.4198,35.62
09-05-2011 00:00,1685.8458,37.74
10-05-2011 00:00,1722.875,38.5
11-05-2011 00:00,1568.4592,35.12
12-05-2011 00:00,1558.9035,34.65
13-05-2011 00:00,1585.801,35.35
16-05-2011 00:00,1517.943,33.62
17-05-2011 00:00,1530.5772,33.96
18-05-2011 00:00,1580.5048,35.06
19-05-2011 00:00,1573.5003,34.99
20-05-2011 00:00,1576.0458,35.07
23-05-2011 00:00,1587.7208,35.08
24-05-2011 00:00,1656.102,36.68
25-05-2011 00:00,1719.672,37.92
26-05-2011 00:00,1687.0525,37.25
27-05-2011 00:00,1718.8122,38.01
30-05-2011 00:00,1718.4496,38.12
31-05-2011 00:00,1733.2047,38.49
01-06-2011 00:00,1649.2474,36.83
02-06-2011 00:00,1624.2072,36.19
03-06-2011 00:00,1626.4512,36.24
06-06-2011 00:00,1645.5372,36.78
07-06-2011 00:00,1658.5971,37.13
08-06-2011 00:00,1643.5665,36.81
09-06-2011 00:00,1680.0588,37.56
10-06-2011 00:00,1619.1406,36.19
13-06-2011 00:00,1560.0288,34.76
14-06-2011 00:00,1583.255,35.38
15-06-2011 00:00,1602.945,35.82
16-06-2011 00:00,1595.9328,35.56
17-06-2011 00:00,1610.563,35.87
20-06-2011 00:00,1621.529,36.05
21-06-2011 00:00,1632.9276,36.36
22-06-2011 00:00,1627.9694,36.29
23-06-2011 00:00,1585.5797,35.29
24-06-2011 00:00,1543.0272,34.32
27-06-2011 00:00,1513.9013,33.59
28-06-2011 00:00,1527.8679,33.93
29-06-2011 00:00,1564.765,34.85
30-06-2011 00:00,1550.8428,34.71
01-07-2011 00:00,1509.7995,33.89
04-07-2011 00:00,1516.26,34.15
05-07-2011 00:00,1575.2227,35.47
06-07-2011 00:00,1593.516,35.89
07-07-2011 00:00,1618.5849,36.43
08-07-2011 00:00,1628.4556,36.71
11-07-2011 00:00,1589.0875,35.75
12-07-2011 00:00,1614.031,36.1
13-07-2011 00:00,1702.2555,38.21
14-07-2011 00:00,1699.6464,38.16
15-07-2011 00:00,1749.9766,39.29
18-07-2011 00:00,1808.1648,40.56
19-07-2011 00:00,1737.5606,39.02
20-07-2011 00:00,1784.9824,40.13
21-07-2011 00:00,1749.4498,39.34
22-07-2011 00:00,1778.7933,40.09
25-07-2011 00:00,1791.6206,40.37
26-07-2011 00:00,1808.1558,40.89
27-07-2011 00:00,1771,40.25
28-07-2011 00:00,1751.2548,39.72
29-07-2011 00:00,1762.3402,39.89
01-08-2011 00:00,1728.9625,39.25
02-08-2011 00:00,1808.4295,40.85
03-08-2011 00:00,1849.8909,41.73
04-08-2011 00:00,1730.8811,38.87
05-08-2011 00:00,1717.6965,38.35
08-08-2011 00:00,1756.2902,39.02
09-08-2011 00:00,1704.3418,37.69
10-08-2011 00:00,1775.967,39.3
11-08-2011 00:00,1751.5512,38.64
12-08-2011 00:00,1776.2496,39.09
15-08-2011 00:00,1812.6016,39.89
16-08-2011 00:00,1808.376,39.92
17-08-2011 00:00,1825.5858,40.22
18-08-2011 00:00,1855.6224,40.64
19-08-2011 00:00,1972.1436,42.91
22-08-2011 00:00,2001.0644,43.72
23-08-2011 00:00,1912.316,41.9
24-08-2011 00:00,1823.024,39.7
25-08-2011 00:00,1893.9872,41.12
26-08-2011 00:00,1908.3025,41.35
29-08-2011 00:00,1878.0777,40.89
30-08-2011 00:00,1903.1992,41.32
31-08-2011 00:00,1912.4112,41.52
01-09-2011 00:00,1911.0294,41.49
02-09-2011 00:00,1986.9584,43.27
05-09-2011 00:00,1970.3666,42.89
06-09-2011 00:00,1930.9992,41.96
07-09-2011 00:00,1915.0848,41.56
08-09-2011 00:00,1956.9159,42.33
09-09-2011 00:00,1944.0708,41.79
12-09-2011 00:00,1896.3824,40.28
13-09-2011 00:00,1951.839,41.1
14-09-2011 00:00,1943.7054,40.74
15-09-2011 00:00,1896.048,39.9
16-09-2011 00:00,1926.9446,40.67
19-09-2011 00:00,1892.0172,39.64
20-09-2011 00:00,1904.7382,39.74
21-09-2011 00:00,1904.8449,39.61
22-09-2011 00:00,1756.3866,35.83
23-09-2011 00:00,1521.8305,30.85
26-09-2011 00:00,1524.6336,30.72
27-09-2011 00:00,1565.971,31.9
28-09-2011 00:00,1458.522,29.9
29-09-2011 00:00,1500.624,30.65
30-09-2011 00:00,1469.2637,29.93
03-10-2011 00:00,1499.967,30.45
04-10-2011 00:00,1489.6551,30.21
05-10-2011 00:00,1507.5408,30.48
06-10-2011 00:00,1579.7524,31.94
07-10-2011 00:00,1531.8256,31.16
10-10-2011 00:00,1570.4679,32.07
11-10-2011 00:00,1581.91,32.12
12-10-2011 00:00,1594.3015,32.57
13-10-2011 00:00,1565.3994,31.83
14-10-2011 00:00,1579.5633,32.19
17-10-2011 00:00,1552.328,31.81
18-10-2011 00:00,1579.572,32.04
19-10-2011 00:00,1536.1164,31.26
20-10-2011 00:00,1515.8506,30.58
21-10-2011 00:00,1569.1274,31.37
24-10-2011 00:00,1584.7782,31.74
25-10-2011 00:00,1649.0408,33.22
26-10-2011 00:00,1657.4796,33.39
27-10-2011 00:00,1742.364,35.1
28-10-2011 00:00,1722.64,35.3
31-10-2011 00:00,1663.6422,34.14
01-11-2011 00:00,1646.954,33.4
02-11-2011 00:00,1685.4425,34.25
03-11-2011 00:00,1693.2674,34.43
04-11-2011 00:00,1677.6804,34.12
07-11-2011 00:00,1718.9832,34.96
08-11-2011 00:00,1727.4924,34.92
09-11-2011 00:00,1706.2256,34.07
10-11-2011 00:00,1705.224,34.05
11-11-2011 00:00,1741.6296,34.68
14-11-2011 00:00,1720.5816,34.22
15-11-2011 00:00,1753.8976,34.58
16-11-2011 00:00,1710.7825,33.71
17-11-2011 00:00,1612.003,31.67
18-11-2011 00:00,1661.8758,32.37
21-11-2011 00:00,1648.0344,31.62
22-11-2011 00:00,1722.2612,32.78
23-11-2011 00:00,1665.605,31.75
24-11-2011 00:00,1658.864,31.84
25-11-2011 00:00,1622.85,31
28-11-2011 00:00,1666.0365,32.07
29-11-2011 00:00,1660.7976,31.92
30-11-2011 00:00,1719.04525,32.825
01-12-2011 00:00,1683.8182,32.74
02-12-2011 00:00,1670.5634,32.59
05-12-2011 00:00,1644.678,32.06
06-12-2011 00:00,1680.075,32.75
07-12-2011 00:00,1676.9215,32.53
08-12-2011 00:00,1640.7072,31.68
09-12-2011 00:00,1678.3866,32.19
12-12-2011 00:00,1650.037,31.31
13-12-2011 00:00,1638.4758,30.81
14-12-2011 00:00,1555.8144,28.94
15-12-2011 00:00,1572.9216,29.28
16-12-2011 00:00,1568.7175,29.75
19-12-2011 00:00,1522.368,28.8
20-12-2011 00:00,1564.4994,29.53
21-12-2011 00:00,1545.1557,29.37
22-12-2011 00:00,1532.9326,29.11
23-12-2011 00:00,1535.7888,29.12
27-12-2011 00:00,1522.4027,28.73
28-12-2011 00:00,1440.656,27.08
29-12-2011 00:00,1484.0288,27.77
30-12-2011 00:00,1481.65705,27.835
03-01-2012 00:00,1580.572,29.71
04-01-2012 00:00,1547.2296,29.16
05-01-2012 00:00,1553.2596,29.34
06-01-2012 00:00,1515.9875,28.75
09-01-2012 00:00,1527.0324,29.02
10-01-2012 00:00,1552.848,29.92
11-01-2012 00:00,1548.9835,29.99
12-01-2012 00:00,1563.7104,30.24
13-01-2012 00:00,1532.4225,29.75
16-01-2012 00:00,1543.455,29.97
17-01-2012 00:00,1530.054,30.06
18-01-2012 00:00,1538.712,30.53
19-01-2012 00:00,1540.3827,30.63
20-01-2012 00:00,1620.2208,32.16
23-01-2012 00:00,1618.9404,32.34
24-01-2012 00:00,1602.1005,32.01
25-01-2012 00:00,1667.989,33.26
26-01-2012 00:00,1678.019,33.46
27-01-2012 00:00,1671.763,33.91
30-01-2012 00:00,1663.275,33.5
31-01-2012 00:00,1637.03155,33.145
01-02-2012 00:00,1660.062,33.7
02-02-2012 00:00,1685.2597,34.33
03-02-2012 00:00,1638.755,33.65
06-02-2012 00:00,1653.3512,33.68
07-02-2012 00:00,1674.033,34.15
08-02-2012 00:00,1670.1528,33.96
09-02-2012 00:00,1677.5277,33.91
10-02-2012 00:00,1662.3864,33.57
13-02-2012 00:00,1656.5373,33.69
14-02-2012 00:00,1655.001,33.57
15-02-2012 00:00,1649.4195,33.45
16-02-2012 00:00,1663.275,33.5
17-02-2012 00:00,1638.3744,33.28
20-02-2012 00:00,1653.6357,33.59
21-02-2012 00:00,1690.26,34.32
22-02-2012 00:00,1690.7968,34.31
23-02-2012 00:00,1741.0498,35.38
24-02-2012 00:00,1735.5256,35.39
27-02-2012 00:00,1744.7112,35.44
28-02-2012 00:00,1810.314,36.9
29-02-2012 00:00,1696.1774,34.63
01-03-2012 00:00,1745.4787,35.47
02-03-2012 00:00,1720.9144,34.78
05-03-2012 00:00,1695.4427,33.97
06-03-2012 00:00,1657.2114,32.94
07-03-2012 00:00,1684.0418,33.46
08-03-2012 00:00,1704.6771,33.87
09-03-2012 00:00,1710.7281,34.29
12-03-2012 00:00,1683.989,33.7
13-03-2012 00:00,1664.832,33.35
14-03-2012 00:00,1609.5337,32.21
15-03-2012 00:00,1640.4879,32.53
16-03-2012 00:00,1636.1112,32.54
19-03-2012 00:00,1654.09,32.95
20-03-2012 00:00,1619.0307,32.13
21-03-2012 00:00,1625.8718,32.17
22-03-2012 00:00,1616.0683,31.57
23-03-2012 00:00,1648.3752,32.22
26-03-2012 00:00,1687.6476,32.84
27-03-2012 00:00,1652.313,32.59
28-03-2012 00:00,1629.9304,32.06
29-03-2012 00:00,1653.135,32.25
30-03-2012 00:00,1640.4893,32.255
02-04-2012 00:00,1675.74,33
03-04-2012 00:00,1654.5556,32.66
04-04-2012 00:00,1604.8892,31.37
05-04-2012 00:00,1623.3068,31.73
09-04-2012 00:00,1622.2646,31.58
10-04-2012 00:00,1631.903,31.78
11-04-2012 00:00,1626.136,31.6
12-04-2012 00:00,1664.5984,32.36
13-04-2012 00:00,1622.6496,31.52
16-04-2012 00:00,1625.4,31.5
17-04-2012 00:00,1632.8075,31.705
18-04-2012 00:00,1631.7917,31.63
19-04-2012 00:00,1648.9473,31.79
20-04-2012 00:00,1652.9504,31.69
23-04-2012 00:00,1619.8082,30.83
24-04-2012 00:00,1631.3009,30.89
25-04-2012 00:00,1612.7595,30.69
26-04-2012 00:00,1628.8344,30.99
27-04-2012 00:00,1640.8242,31.23
30-04-2012 00:00,1627.6605,30.95
01-05-2012 00:00,1621.87945,30.89
02-05-2012 00:00,1620.2813,30.58
03-05-2012 00:00,1602.71675,30.05
04-05-2012 00:00,1622.4315,30.34
07-05-2012 00:00,1588.058,30.02
08-05-2012 00:00,1565.562,29.45
09-05-2012 00:00,1572.55065,29.235
10-05-2012 00:00,1554.21266,29.029
11-05-2012 00:00,1547.62561,28.879
14-05-2012 00:00,1513.394,28.13
15-05-2012 00:00,1489.152,27.7
16-05-2012 00:00,1508.49,27.75
17-05-2012 00:00,1526.6691,28.038
18-05-2012 00:00,1568.61465,28.745
21-05-2012 00:00,1561.662577,28.4819
22-05-2012 00:00,1559.7579,28.185
23-05-2012 00:00,1560.328935,27.81335
24-05-2012 00:00,1583.140598,28.30575
25-05-2012 00:00,1583.4304,28.52
28-05-2012 00:00,1567.7628,28.4015
29-05-2012 00:00,1550.85486,27.858
30-05-2012 00:00,1565.97248,27.904
31-05-2012 00:00,1554.8115,27.715
01-06-2012 00:00,1597.57836,28.518
04-06-2012 00:00,1568.32896,28.248
05-06-2012 00:00,1589.58016,28.528
06-06-2012 00:00,1631.942345,29.4415
07-06-2012 00:00,1572.1531,28.595
08-06-2012 00:00,1579.92129,28.503
11-06-2012 00:00,1593.6346,28.57
12-06-2012 00:00,1618.64802,28.9665
13-06-2012 00:00,1601.45095,28.829
14-06-2012 00:00,1598.9639,28.645
15-06-2012 00:00,1599.9268,28.724
18-06-2012 00:00,1600.091895,28.7115
19-06-2012 00:00,1602.054708,28.5877
20-06-2012 00:00,1576.087215,28.1595
21-06-2012 00:00,1516.39648,26.896
22-06-2012 00:00,1538.966,26.905
25-06-2012 00:00,1565.01464,27.524
26-06-2012 00:00,1545.027395,27.1105
27-06-2012 00:00,1538.99235,26.929
28-06-2012 00:00,1504.34444,26.3735
29-06-2012 00:00,1538.3304,27.48
02-07-2012 00:00,1526.558571,27.4907
03-07-2012 00:00,1549.47,28.275
04-07-2012 00:00,1531.53268,28.148
05-07-2012 00:00,1523.03613,27.6815
06-07-2012 00:00,1504.05645,27.105
09-07-2012 00:00,1526.6656,27.34
10-07-2012 00:00,1487.37258,26.814
11-07-2012 00:00,1502.1651,27.11
12-07-2012 00:00,1514.267695,27.1715
13-07-2012 00:00,1510.96512,27.328
16-07-2012 00:00,1508.83409,27.329
17-07-2012 00:00,1502.8732,27.32
18-07-2012 00:00,1506.5874,27.18
19-07-2012 00:00,1506.27331,27.253
20-07-2012 00:00,1509.4269,27.315
23-07-2012 00:00,1512.04875,27.025
24-07-2012 00:00,1512.649143,26.96825
25-07-2012 00:00,1536.35446,27.347
26-07-2012 00:00,1557.9074,27.79
27-07-2012 00:00,1536.49041,27.7445
30-07-2012 00:00,1561.4538,28.18
31-07-2012 00:00,1553.50286,27.986
01-08-2012 00:00,1523.042125,27.4175
02-08-2012 00:00,1513.86165,27.135
03-08-2012 00:00,1554.38335,27.8065
06-08-2012 00:00,1545.926071,27.8897
07-08-2012 00:00,1555.763195,28.13315
08-08-2012 00:00,1547.96912,28.048
09-08-2012 00:00,1555.006,28.15
10-08-2012 00:00,1554.03136,28.112
13-08-2012 00:00,1541.5604,27.826
14-08-2012 00:00,1549.35149,27.821
15-08-2012 00:00,1550.200762,27.83625
16-08-2012 00:00,1576.517294,28.21255
17-08-2012 00:00,1563.4944,28.08
20-08-2012 00:00,1603.3056,28.795
21-08-2012 00:00,1625.812673,29.31505
22-08-2012 00:00,1653.560045,29.8315
23-08-2012 00:00,1685.753034,30.56115
24-08-2012 00:00,1705.79685,30.785
27-08-2012 00:00,1708.9826,30.715
28-08-2012 00:00,1719.667875,30.87375
29-08-2012 00:00,1712.03976,30.7368
30-08-2012 00:00,1693.1312,30.452
31-08-2012 00:00,1765.571379,31.72065
03-09-2012 00:00,1781.54602,32.1115
04-09-2012 00:00,1796.5326,32.335
05-09-2012 00:00,1803.93615,32.265
06-09-2012 00:00,1822.944,32.64
07-09-2012 00:00,1864.239696,33.67485
10-09-2012 00:00,1846.44976,33.3535
11-09-2012 00:00,1853.89568,33.488
12-09-2012 00:00,1832.18706,33.246
13-09-2012 00:00,1921.031773,34.66315
14-09-2012 00:00,1885.5584,34.661
17-09-2012 00:00,1845.259943,34.20315
18-09-2012 00:00,1883.5691,34.81
19-09-2012 00:00,1879.389404,34.60485
20-09-2012 00:00,1882.18001,34.669
21-09-2012 00:00,1844.579245,34.52975
24-09-2012 00:00,1814.512273,33.985995
25-09-2012 00:00,1805.05017,33.7645
26-09-2012 00:00,1815.646,33.95
27-09-2012 00:00,1843.274434,34.634995
28-09-2012 00:00,1816.319757,34.49145
01-10-2012 00:00,1822.853,34.655
02-10-2012 00:00,1820.880237,34.617495
03-10-2012 00:00,1808.825264,34.5988
04-10-2012 00:00,1809.854145,35.00685
05-10-2012 00:00,1789.602336,34.52165
08-10-2012 00:00,1782.040649,33.98895
09-10-2012 00:00,1784.551988,33.907505
10-10-2012 00:00,1802.453325,33.9765
11-10-2012 00:00,1791.61555,33.9965
12-10-2012 00:00,1766.96105,33.4525
15-10-2012 00:00,1733.310825,32.7225
16-10-2012 00:00,1745.293887,32.954945
17-10-2012 00:00,1757.802475,33.2225
18-10-2012 00:00,1738.0025,32.7925
19-10-2012 00:00,1729.24675,32.0825
22-10-2012 00:00,1734.60375,32.4225
23-10-2012 00:00,1701.508631,31.67955
24-10-2012 00:00,1705.826915,31.75995
25-10-2012 00:00,1722.00747,32.133
26-10-2012 00:00,1719.823678,32.09225
29-10-2012 00:00,1716.526015,31.77575
30-10-2012 00:00,1717.012195,31.78475
31-10-2012 00:00,1735.695,32.25
01-11-2012 00:00,1735.440193,32.27525
02-11-2012 00:00,1662.971675,30.9275
05-11-2012 00:00,1700.816265,31.18475
06-11-2012 00:00,1741.5356,31.99
07-11-2012 00:00,1720.29732,31.822
08-11-2012 00:00,1762.03575,32.325
09-11-2012 00:00,1784.198,32.6
12-11-2012 00:00,1783.231665,32.4165
13-11-2012 00:00,1787.825,32.5
14-11-2012 00:00,1797.685543,32.67925
15-11-2012 00:00,1789.00419,32.62225
16-11-2012 00:00,1782.42807,32.3255
19-11-2012 00:00,1822.752292,33.11085
20-11-2012 00:00,1826.39655,33.165
21-11-2012 00:00,1839.7461,33.365
22-11-2012 00:00,1843.219404,33.3554
23-11-2012 00:00,1894.521098,34.08025
26-11-2012 00:00,1904.59432,34.157
27-11-2012 00:00,1889.309648,34.04775
28-11-2012 00:00,1872.496178,33.74475
29-11-2012 00:00,1879.40676,34.24575
30-11-2012 00:00,1817.76784,33.41485
03-12-2012 00:00,1838.577475,33.66125
04-12-2012 00:00,1799.45912,32.933
05-12-2012 00:00,1793.453987,32.87725
06-12-2012 00:00,1786.16776,33.02825
07-12-2012 00:00,1801.6536,33.07
10-12-2012 00:00,1812.634658,33.25325
11-12-2012 00:00,1791.062335,32.9785
12-12-2012 00:00,1816.402334,33.4759
13-12-2012 00:00,1770.956252,32.5364
14-12-2012 00:00,1759.01475,32.2755
17-12-2012 00:00,1769.275022,32.28015
18-12-2012 00:00,1737.229913,31.62625
19-12-2012 00:00,1694.82495,31.04075
20-12-2012 00:00,1642.458,29.95
21-12-2012 00:00,1655.25507,30.00825
24-12-2012 00:00,1643.760563,29.91375
25-12-2012 00:00,1643.788038,29.91425
26-12-2012 00:00,1646.034788,30.00975
27-12-2012 00:00,1657.855238,30.17025
28-12-2012 00:00,1647.52504,30.0205
31-12-2012 00:00,1662.3286,30.34
01-01-2013 00:00,1662.599811,30.34495
02-01-2013 00:00,1687.1011,31.03
03-01-2013 00:00,1646.04792,30.1695
04-01-2013 00:00,1666.592715,30.22475
07-01-2013 00:00,1667.71227,30.163
08-01-2013 00:00,1672.17024,30.381
09-01-2013 00:00,1665.09321,30.36275
10-01-2013 00:00,1686.499,30.86
11-01-2013 00:00,1668.84531,30.4645
14-01-2013 00:00,1690.06258,31.0445
15-01-2013 00:00,1712.092823,31.37425
16-01-2013 00:00,1724.323755,31.47725
17-01-2013 00:00,1723.221743,31.75275
18-01-2013 00:00,1713.97385,31.85825
21-01-2013 00:00,1725.30495,32.02125
22-01-2013 00:00,1733.517915,32.2395
23-01-2013 00:00,1730.64232,32.252
24-01-2013 00:00,1698.972,31.65
25-01-2013 00:00,1680.36903,31.18725
28-01-2013 00:00,1664.643828,30.86675
29-01-2013 00:00,1687.57035,31.4025
30-01-2013 00:00,1707.439725,31.9925
31-01-2013 00:00,1672.122062,31.4486
01-02-2013 00:00,1698.7159,31.93075
04-02-2013 00:00,1689.772254,31.7507
05-02-2013 00:00,1690.2222,31.795
06-02-2013 00:00,1694.538105,31.84025
07-02-2013 00:00,1676.88144,31.473
08-02-2013 00:00,1682.541,31.42
11-02-2013 00:00,1663.83125,30.955
12-02-2013 00:00,1679.11379,31.11775
13-02-2013 00:00,1655.364534,30.7803
14-02-2013 00:00,1638.91791,30.401
15-02-2013 00:00,1616.745102,29.83475
18-02-2013 00:00,1626.787275,29.95925
19-02-2013 00:00,1599.84872,29.474
20-02-2013 00:00,1544.7952,28.565
21-02-2013 00:00,1563.939954,28.6751
22-02-2013 00:00,1552.17106,28.622
25-02-2013 00:00,1563.18723,29.007
26-02-2013 00:00,1592.15506,29.39725
27-02-2013 00:00,1562.7687,29.01
28-02-2013 00:00,1553.14598,28.5295
01-03-2013 00:00,1571.27265,28.605
04-03-2013 00:00,1567.6359,28.57
05-03-2013 00:00,1574.769,28.7
06-03-2013 00:00,1591.6329,29.055
07-03-2013 00:00,1577.086643,28.90025
08-03-2013 00:00,1574.243238,28.98625
11-03-2013 00:00,1577.6358,28.99
12-03-2013 00:00,1582.28914,29.1505
13-03-2013 00:00,1570.9344,28.92
14-03-2013 00:00,1564.72834,28.80575
15-03-2013 00:00,1555.87383,28.7805
18-03-2013 00:00,1565.838,28.89
19-03-2013 00:00,1572.8264,28.91225
20-03-2013 00:00,1565.88264,28.827
21-03-2013 00:00,1583.72345,29.17155
22-03-2013 00:00,1557.934875,28.69125
25-03-2013 00:00,1563.093,28.85
26-03-2013 00:00,1564.18632,28.764
27-03-2013 00:00,1559.67278,28.681
28-03-2013 00:00,1541.085028,28.3444
29-03-2013 00:00,1540.24773,28.329
01-04-2013 00:00,1524.189551,28.03365
02-04-2013 00:00,1480.78554,27.2805
03-04-2013 00:00,1469.34,27
04-04-2013 00:00,1477.083785,26.94425
05-04-2013 00:00,1497.1374,27.33
08-04-2013 00:00,1490.03385,27.305
09-04-2013 00:00,1528.24705,27.995
10-04-2013 00:00,1510.045125,27.70725
11-04-2013 00:00,1503.193835,27.66275
12-04-2013 00:00,1419.24374,26.003
15-04-2013 00:00,1243.33755,22.77175
16-04-2013 00:00,1269.14469,23.403
17-04-2013 00:00,1261.6864,23.33
18-04-2013 00:00,1256.58,23.27
19-04-2013 00:00,1255.7646,23.2549
22-04-2013 00:00,1268.442125,23.44625
23-04-2013 00:00,1249.028418,22.97275
24-04-2013 00:00,1260.8403,23.19
25-04-2013 00:00,1320.677625,24.39375
26-04-2013 00:00,1304.589795,23.99025
29-04-2013 00:00,1331.83457,24.559
30-04-2013 00:00,1309.69375,24.34375
01-05-2013 00:00,1272.101,23.645
02-05-2013 00:00,1284.547535,23.84975
03-05-2013 00:00,1302.0345,24.11175
06-05-2013 00:00,1299.942005,24.01075
07-05-2013 00:00,1296.547075,23.96575
08-05-2013 00:00,1297.517218,23.97925
09-05-2013 00:00,1288.8105,23.735
10-05-2013 00:00,1308.5281,23.87825
13-05-2013 00:00,1299.9564,23.67
14-05-2013 00:00,1282.528484,23.4209
15-05-2013 00:00,1238.8499,22.60675
16-05-2013 00:00,1243.44488,22.6906
17-05-2013 00:00,1221.652588,22.258
20-05-2013 00:00,1261.938367,22.90685
21-05-2013 00:00,1238.73955,22.445
22-05-2013 00:00,1239.8105,22.29875
23-05-2013 00:00,1260.0553,22.61
24-05-2013 00:00,1250.086975,22.405
27-05-2013 00:00,1261.79966,22.682
28-05-2013 00:00,1249.183418,22.35075
29-05-2013 00:00,1265.667043,22.49275
30-05-2013 00:00,1279.60877,22.781
31-05-2013 00:00,1259.436479,22.259
03-06-2013 00:00,1290.23994,22.7315
04-06-2013 00:00,1274.1315,22.551
05-06-2013 00:00,1277.995675,22.5595
06-06-2013 00:00,1288.67228,22.652
07-06-2013 00:00,1236.705819,21.6715
10-06-2013 00:00,1271.046325,21.9335
11-06-2013 00:00,1267.047425,21.67375
12-06-2013 00:00,1264.51689,21.7945
13-06-2013 00:00,1271.4515,21.85
14-06-2013 00:00,1270.954827,22.0905
17-06-2013 00:00,1263.183754,21.8771
18-06-2013 00:00,1272.52795,21.6785
19-06-2013 00:00,1258.339163,21.41125
20-06-2013 00:00,1180.907535,19.71465
21-06-2013 00:00,1192.573844,20.119
24-06-2013 00:00,1176.901185,19.6905
25-06-2013 00:00,1168.66032,19.63475
26-06-2013 00:00,1118.4019,18.535
27-06-2013 00:00,1114.800195,18.4845
28-06-2013 00:00,1171.425544,19.67625
01-07-2013 00:00,1164.68888,19.634
02-07-2013 00:00,1157.50825,19.405
03-07-2013 00:00,1192.2249,19.79125
04-07-2013 00:00,1180.17691,19.57825
05-07-2013 00:00,1144.758435,18.9185
08-07-2013 00:00,1163.778232,19.10025
09-07-2013 00:00,1160.58893,19.31
10-07-2013 00:00,1164.659006,19.38675
11-07-2013 00:00,1205.975076,20.16175
12-07-2013 00:00,1197.407528,19.9425
15-07-2013 00:00,1197.161615,19.981
16-07-2013 00:00,1188.07581,20.0215
17-07-2013 00:00,1151.012665,19.3415
18-07-2013 00:00,1157.112175,19.4104
19-07-2013 00:00,1166.503248,19.5198
22-07-2013 00:00,1223.543902,20.5534
23-07-2013 00:00,1224.57625,20.495
24-07-2013 00:00,1193.336463,20.17475
25-07-2013 00:00,1195.792025,20.2505
26-07-2013 00:00,1179.218765,20.0105
29-07-2013 00:00,1179.05915,19.87625
30-07-2013 00:00,1188.908405,19.74275
31-07-2013 00:00,1209.15539,19.84825
01-08-2013 00:00,1188.7928,19.63
02-08-2013 00:00,1213.57902,19.898
05-08-2013 00:00,1201.12918,19.7165
06-08-2013 00:00,1199.19479,19.5245
07-08-2013 00:00,1196.5572,19.59
08-08-2013 00:00,1234.670288,20.26375
09-08-2013 00:00,1252.339988,20.55375
12-08-2013 00:00,1307.463625,21.39875
13-08-2013 00:00,1310.10152,21.463
14-08-2013 00:00,1344.514325,21.87625
15-08-2013 00:00,1412.980765,22.99025
16-08-2013 00:00,1437.0825,23.25
19-08-2013 00:00,1450.84278,23.169
20-08-2013 00:00,1462.5156,23.01
21-08-2013 00:00,1469.3536,22.88
22-08-2013 00:00,1500.277075,23.11675
23-08-2013 00:00,1545.4224,24.072
26-08-2013 00:00,1561.03905,24.31525
27-08-2013 00:00,1606.179397,24.47325
28-08-2013 00:00,1645.31535,24.357
29-08-2013 00:00,1611.099263,23.87875
30-08-2013 00:00,1559.17072,23.524
02-09-2013 00:00,1597.600888,24.18775
03-09-2013 00:00,1650.005735,24.2755
04-09-2013 00:00,1575.322303,23.50175
05-09-2013 00:00,1534.61515,23.185
06-09-2013 00:00,1553.25345,23.8595
09-09-2013 00:00,1543.94415,23.7165
10-09-2013 00:00,1475.663215,22.97825
11-09-2013 00:00,1466.9994,23.19
12-09-2013 00:00,1393.11018,21.798
13-09-2013 00:00,1418.14422,22.221
16-09-2013 00:00,1367.569429,21.81375
17-09-2013 00:00,1372.02795,21.7575
18-09-2013 00:00,1449.18786,22.95925
19-09-2013 00:00,1426.67972,23.0705
20-09-2013 00:00,1356.98765,21.785
23-09-2013 00:00,1359.259125,21.6615
24-09-2013 00:00,1362.0854,21.71
25-09-2013 00:00,1361.22265,21.797
26-09-2013 00:00,1349.96078,21.7315
27-09-2013 00:00,1358.450625,21.7875
30-09-2013 00:00,1357.42688,21.698
01-10-2013 00:00,1320.2492,21.185
02-10-2013 00:00,1354.18244,21.7295
03-10-2013 00:00,1338.509573,21.66925
04-10-2013 00:00,1333.185407,21.7379
07-10-2013 00:00,1383.3608,22.37
08-10-2013 00:00,1378.558924,22.29235
09-10-2013 00:00,1351.4424,21.868
10-10-2013 00:00,1344.284145,21.6855
11-10-2013 00:00,1300.82524,21.346
14-10-2013 00:00,1301.399455,21.25775
15-10-2013 00:00,1320.297825,21.3675
16-10-2013 00:00,1322.55316,21.404
17-10-2013 00:00,1341.0252,21.88
18-10-2013 00:00,1340.988044,21.9259
21-10-2013 00:00,1364.560905,22.2205
22-10-2013 00:00,1399.232113,22.70375
23-10-2013 00:00,1386.844442,22.54665
24-10-2013 00:00,1395.823,22.7
25-10-2013 00:00,1385.3184,22.5475
28-10-2013 00:00,1382.93225,22.505
29-10-2013 00:00,1382.6661,22.53
30-10-2013 00:00,1392.79572,22.7581
31-10-2013 00:00,1346.968638,21.91975
01-11-2013 00:00,1356.63858,21.906
04-11-2013 00:00,1341.586494,21.66295
05-11-2013 00:00,1339.583224,21.7042
06-11-2013 00:00,1359.588708,21.81275
07-11-2013 00:00,1356.722375,21.6625
08-11-2013 00:00,1351.5313,21.5075
11-11-2013 00:00,1354.01863,21.3635
12-11-2013 00:00,1321.610148,20.7409
13-11-2013 00:00,1309.37,20.62
14-11-2013 00:00,1316.759425,20.78875
15-11-2013 00:00,1318.13707,20.8105
18-11-2013 00:00,1273.9116,20.41525
19-11-2013 00:00,1267.46806,20.3773
20-11-2013 00:00,1242.0737,19.87
21-11-2013 00:00,1255.97462,19.9678
22-11-2013 00:00,1249.419908,19.86675
25-11-2013 00:00,1263.2568,20.2445
26-11-2013 00:00,1238.75345,19.855
27-11-2013 00:00,1222.98262,19.6621
28-11-2013 00:00,1230.513323,19.72925
29-11-2013 00:00,1249.337412,20.0022
02-12-2013 00:00,1190.65926,19.15475
03-12-2013 00:00,1191.813912,19.1241
04-12-2013 00:00,1224.070222,19.68275
05-12-2013 00:00,1195.938862,19.3957
06-12-2013 00:00,1201.70305,19.505
09-12-2013 00:00,1211.703578,19.86725
10-12-2013 00:00,1247.48976,20.4105
11-12-2013 00:00,1244.187,20.3
12-12-2013 00:00,1203.419052,19.5012
13-12-2013 00:00,1226.0553,19.7115
16-12-2013 00:00,1236.378408,19.98995
17-12-2013 00:00,1232.623755,19.9035
18-12-2013 00:00,1223.1753,19.735
19-12-2013 00:00,1197.35,19.25
20-12-2013 00:00,1205.62496,19.408
23-12-2013 00:00,1205.312625,19.4625
24-12-2013 00:00,1206.628955,19.50265
25-12-2013 00:00,1206.15565,19.495
26-12-2013 00:00,1227.1239,19.77
27-12-2013 00:00,1243.09089,20.079
30-12-2013 00:00,1211.914508,19.58175
31-12-2013 00:00,1201.94483,19.471
01-01-2014 00:00,1201.704083,19.4671
02-01-2014 00:00,1245.193305,20.01275
03-01-2014 00:00,1255.17555,20.15375
06-01-2014 00:00,1257.354175,20.18225
07-01-2014 00:00,1237.109812,19.87325
08-01-2014 00:00,1214.075785,19.53775
09-01-2014 00:00,1214.739225,19.58625
10-01-2014 00:00,1247.966303,20.15775
13-01-2014 00:00,1255.02338,20.40025
14-01-2014 00:00,1245.362215,20.2465
15-01-2014 00:00,1241.685,20.19
16-01-2014 00:00,1237.400165,20.10725
17-01-2014 00:00,1247.733427,20.29825
20-01-2014 00:00,1250.94537,20.32075
21-01-2014 00:00,1229.24835,19.89075
22-01-2014 00:00,1224.68255,19.79125
23-01-2014 00:00,1240.6764,20.04
24-01-2014 00:00,1246.0388,19.9175
27-01-2014 00:00,1245.237,19.7
28-01-2014 00:00,1227.5094,19.59
29-01-2014 00:00,1234.943003,19.76225
30-01-2014 00:00,1201.61415,19.1645
31-01-2014 00:00,1201.132065,19.1721
03-02-2014 00:00,1211.4576,19.34
04-02-2014 00:00,1220.542075,19.49125
05-02-2014 00:00,1242.9261,19.89
06-02-2014 00:00,1247.7256,19.97
07-02-2014 00:00,1246.575946,20.0221
10-02-2014 00:00,1251.385107,20.07355
11-02-2014 00:00,1258.9129,20.23
12-02-2014 00:00,1256.321628,20.2404
13-02-2014 00:00,1277.11885,20.4995
14-02-2014 00:00,1332.09425,21.475
17-02-2014 00:00,1351.142293,21.81725
18-02-2014 00:00,1363.45027,21.931
19-02-2014 00:00,1338.89312,21.536
20-02-2014 00:00,1359.04275,21.825
21-02-2014 00:00,1355.6088,21.84
24-02-2014 00:00,1362.410021,21.9779
25-02-2014 00:00,1354.61599,21.86275
26-02-2014 00:00,1317.34044,21.244
27-02-2014 00:00,1319.01471,21.271
28-02-2014 00:00,1314.80038,21.227
03-03-2014 00:00,1329.29715,21.423
04-03-2014 00:00,1311.79629,21.1785
05-03-2014 00:00,1305.3771,21.174
06-03-2014 00:00,1315.77325,21.475
07-03-2014 00:00,1277.666805,20.9145
10-03-2014 00:00,1269.319188,20.81875
11-03-2014 00:00,1269.343385,20.8465
12-03-2014 00:00,1303.46938,21.302
13-03-2014 00:00,1294.8272,21.185
14-03-2014 00:00,1312.250145,21.4455
17-03-2014 00:00,1296.383578,21.1862
18-03-2014 00:00,1273.196295,20.8345
19-03-2014 00:00,1256.878259,20.6147
20-03-2014 00:00,1243.072908,20.2719
21-03-2014 00:00,1240.867426,20.3221
24-03-2014 00:00,1212.35947,19.95325
25-03-2014 00:00,1208.862405,19.9845
26-03-2014 00:00,1188.2718,19.765
27-03-2014 00:00,1186.3614,19.707
28-03-2014 00:00,1185.10056,19.831
31-03-2014 00:00,1181.754,19.775
01-04-2014 00:00,1181.4552,19.77
02-04-2014 00:00,1191.76816,19.976
03-04-2014 00:00,1196.98515,19.8505
04-04-2014 00:00,1202.89125,19.965
07-04-2014 00:00,1195.68,19.875
08-04-2014 00:00,1205.9072,20.045
09-04-2014 00:00,1195.835375,19.8875
10-04-2014 00:00,1206.218025,20.0535
11-04-2014 00:00,1204.7011,20.005
14-04-2014 00:00,1202.972786,19.9763
15-04-2014 00:00,1181.65362,19.606
16-04-2014 00:00,1186.37491,19.6615
17-04-2014 00:00,1185.9231,19.6475
18-04-2014 00:00,1185.7722,19.645
21-04-2014 00:00,1174.8404,19.451
22-04-2014 00:00,1180.693775,19.4225
23-04-2014 00:00,1188.4222,19.46
24-04-2014 00:00,1200.361385,19.6555
25-04-2014 00:00,1198.73404,19.729
28-04-2014 00:00,1187.014518,19.5974
29-04-2014 00:00,1174.72929,19.4685
30-04-2014 00:00,1157.019913,19.20365
01-05-2014 00:00,1147.22025,19.041
02-05-2014 00:00,1174.60546,19.502
05-05-2014 00:00,1179.761664,19.6104
06-05-2014 00:00,1178.89536,19.596
07-05-2014 00:00,1160.1229,19.3225
08-05-2014 00:00,1150.6324,19.19
09-05-2014 00:00,1148.13325,19.1675
12-05-2014 00:00,1166.98852,19.541
13-05-2014 00:00,1166.951342,19.54365
14-05-2014 00:00,1181.6609,19.79
15-05-2014 00:00,1157.700158,19.49975
16-05-2014 00:00,1141.738528,19.3712
19-05-2014 00:00,1133.844576,19.3621
20-05-2014 00:00,1139.367,19.41
21-05-2014 00:00,1140.484375,19.4125
22-05-2014 00:00,1139.0482,19.50425
23-05-2014 00:00,1136.172,19.455
26-05-2014 00:00,1143.120578,19.45075
27-05-2014 00:00,1123.951265,19.07265
28-05-2014 00:00,1121.880398,19.03105
29-05-2014 00:00,1121.048704,19.03955
30-05-2014 00:00,1112.56341,18.8251
02-06-2014 00:00,1109.466612,18.76635
03-06-2014 00:00,1116.967,18.82
04-06-2014 00:00,1115.67924,18.8205
05-06-2014 00:00,1128.91569,19.047
06-06-2014 00:00,1124.748036,19.02805
09-06-2014 00:00,1127.583936,19.0728
10-06-2014 00:00,1138.04327,19.201
11-06-2014 00:00,1138.106588,19.20855
12-06-2014 00:00,1159.373463,19.5411
13-06-2014 00:00,1175.0992,19.69
16-06-2014 00:00,1183.48373,19.669
17-06-2014 00:00,1185.5844,19.74
18-06-2014 00:00,1200.573088,19.9034
19-06-2014 00:00,1248.954165,20.8055
20-06-2014 00:00,1255.520295,20.86275
23-06-2014 00:00,1258.307138,20.8813
24-06-2014 00:00,1258.250315,20.9255
25-06-2014 00:00,1266.66748,21.034
26-06-2014 00:00,1270.53605,21.10525
27-06-2014 00:00,1260.279703,20.95925
30-06-2014 00:00,1264.05325,21.0325
01-07-2014 00:00,1263.75279,21.031
02-07-2014 00:00,1261.9336,21.145
03-07-2014 00:00,1263.4735,21.146
04-07-2014 00:00,1264.6459,21.155
07-07-2014 00:00,1261.841895,21.05175
08-07-2014 00:00,1258.688583,21.03775
09-07-2014 00:00,1262.8525,21.125
10-07-2014 00:00,1282.906527,21.40675
11-07-2014 00:00,1289.406675,21.44365
14-07-2014 00:00,1258.223257,20.92505
15-07-2014 00:00,1244.2966,20.69
16-07-2014 00:00,1248.78525,20.775
17-07-2014 00:00,1271.41776,21.148
18-07-2014 00:00,1259.570885,20.8711
21-07-2014 00:00,1258.97125,20.875
22-07-2014 00:00,1261.06416,20.934
23-07-2014 00:00,1256.78235,20.915
24-07-2014 00:00,1224.14502,20.37525
25-07-2014 00:00,1246.14642,20.738
28-07-2014 00:00,1237.102875,20.5875
29-07-2014 00:00,1236.787402,20.58225
30-07-2014 00:00,1239.70021,20.617
31-07-2014 00:00,1233.414,20.39375
01-08-2014 00:00,1243.82621,20.33725
04-08-2014 00:00,1231.6782,20.165
05-08-2014 00:00,1202.51775,19.775
06-08-2014 00:00,1230.80598,20.0457
07-08-2014 00:00,1224.85275,19.965
08-08-2014 00:00,1221.6451,19.8965
11-08-2014 00:00,1225.51845,20.015
12-08-2014 00:00,1218.106945,19.9265
13-08-2014 00:00,1214.3892,19.83
14-08-2014 00:00,1211.94248,19.894
15-08-2014 00:00,1192.28055,19.57125
18-08-2014 00:00,1194.5934,19.635
19-08-2014 00:00,1181.06495,19.435
20-08-2014 00:00,1182.00785,19.489
21-08-2014 00:00,1180.50595,19.445
22-08-2014 00:00,1181.46286,19.538
25-08-2014 00:00,1171.61275,19.3655
26-08-2014 00:00,1171.6913,19.37
27-08-2014 00:00,1176.440424,19.4646
28-08-2014 00:00,1181.16567,19.5105
29-08-2014 00:00,1177.693,19.466
01-09-2014 00:00,1176.778325,19.46375
02-09-2014 00:00,1163.34725,19.175
03-09-2014 00:00,1160.84375,19.1875
04-09-2014 00:00,1150.8105,19.05
05-09-2014 00:00,1159.994517,19.19885
08-09-2014 00:00,1147.35999,19.037
09-09-2014 00:00,1155.1572,19.062
10-09-2014 00:00,1155.750705,18.9685
11-09-2014 00:00,1136.84998,18.7105
12-09-2014 00:00,1133.6768,18.646
15-09-2014 00:00,1140.879205,18.6815
16-09-2014 00:00,1143.138795,18.7185
17-09-2014 00:00,1130.87156,18.548
18-09-2014 00:00,1129.05555,18.5395
19-09-2014 00:00,1084.211895,17.8295
22-09-2014 00:00,1080.12294,17.7535
23-09-2014 00:00,1084.94529,17.8035
24-09-2014 00:00,1077.9794,17.695
25-09-2014 00:00,1072.51599,17.5305
26-09-2014 00:00,1078.791675,17.6475
29-09-2014 00:00,1075.725,17.5
30-09-2014 00:00,1048.607625,16.9815
01-10-2014 00:00,1060.55625,17.175
02-10-2014 00:00,1052.40135,17.115
03-10-2014 00:00,1036.4595,16.853
06-10-2014 00:00,1065.367305,17.3315
07-10-2014 00:00,1055.466,17.19
08-10-2014 00:00,1067.0092,17.378
09-10-2014 00:00,1058.183339,17.3729
10-10-2014 00:00,1065.090255,17.39775
13-10-2014 00:00,1070.243695,17.4905
14-10-2014 00:00,1068.0223,17.3945
15-10-2014 00:00,1072.085115,17.4749
16-10-2014 00:00,1076.460125,17.3875
17-10-2014 00:00,1063.13427,17.2755
20-10-2014 00:00,1069.08147,17.443
21-10-2014 00:00,1073.57294,17.522
22-10-2014 00:00,1050.65764,17.162
23-10-2014 00:00,1051.39401,17.1965
24-10-2014 00:00,1053.15252,17.214
27-10-2014 00:00,1050.58023,17.13275
28-10-2014 00:00,1055.321865,17.2185
29-10-2014 00:00,1047.04303,17.089
30-10-2014 00:00,1014.08644,16.508
31-10-2014 00:00,991.7392,16.16
03-11-2014 00:00,991.287,16.15
04-11-2014 00:00,983.4195,16.0375
05-11-2014 00:00,942.30528,15.337
06-11-2014 00:00,947.49696,15.4215
07-11-2014 00:00,973.484325,15.7905
10-11-2014 00:00,958.8811625,15.60425
11-11-2014 00:00,968.38598,15.718
12-11-2014 00:00,964.58724,15.692
13-11-2014 00:00,963.5598,15.66
14-11-2014 00:00,1006.937478,16.3014
17-11-2014 00:00,997.7328,16.155
18-11-2014 00:00,1000.53525,16.203
19-11-2014 00:00,1000.654,16.15
20-11-2014 00:00,1007.771407,16.27275
21-11-2014 00:00,1015.91032,16.444
24-11-2014 00:00,1023.10359,16.531
25-11-2014 00:00,1029.65226,16.6395
26-11-2014 00:00,1010.39897,16.331
27-11-2014 00:00,1003.0599,16.215
28-11-2014 00:00,958.8292,15.46
01-12-2014 00:00,1018.30255,16.411
02-12-2014 00:00,1014.692085,16.3845
03-12-2014 00:00,1017.1428,16.44
04-12-2014 00:00,1017.59538,16.442
05-12-2014 00:00,1007.567425,16.2905
08-12-2014 00:00,1010.0223,16.317
09-12-2014 00:00,1060.506563,17.11875
10-12-2014 00:00,1057.1616,17.04
11-12-2014 00:00,1061.4799,17.03
12-12-2014 00:00,1061.772851,17.0347
15-12-2014 00:00,1020.2478,16.215
16-12-2014 00:00,1008.332308,15.88175
17-12-2014 00:00,1016.835895,15.9905
18-12-2014 00:00,1005.0282,15.9225
19-12-2014 00:00,1018.2543,16.09125
22-12-2014 00:00,994.89002,15.727
23-12-2014 00:00,1001.5642,15.82
24-12-2014 00:00,1001.309687,15.75625
26-12-2014 00:00,1022.731383,16.06805
29-12-2014 00:00,1008.6927,15.845
30-12-2014 00:00,1029.46135,16.235
31-12-2014 00:00,990.88848,15.696
02-01-2015 00:00,998.630295,15.77615
05-01-2015 00:00,1025.7913,16.195
06-01-2015 00:00,1044.709155,16.4185
07-01-2015 00:00,1042.9925,16.49
08-01-2015 00:00,1029.6594,16.422
09-01-2015 00:00,1029.33615,16.509
12-01-2015 00:00,1044.6738,16.79
13-01-2015 00:00,1043.5905,16.805
14-01-2015 00:00,1045.37016,16.812
15-01-2015 00:00,1055.875785,17.03575
16-01-2015 00:00,1102.46925,17.7875
19-01-2015 00:00,1090.1518,17.66
20-01-2015 00:00,1128.00597,18.291
21-01-2015 00:00,1117.4856,18.141
22-01-2015 00:00,1127.88675,18.295
23-01-2015 00:00,1125.327,18.298
26-01-2015 00:00,1099.33164,17.8695
27-01-2015 00:00,1105.82603,18.019
28-01-2015 00:00,1094.562,17.85
29-01-2015 00:00,1044.3087,16.89
30-01-2015 00:00,1069.387254,17.2454
02-02-2015 00:00,1067.1206,17.245
03-02-2015 00:00,1065.207165,17.2615
04-02-2015 00:00,1077.5139,17.4355
05-02-2015 00:00,1068.2001,17.31
06-02-2015 00:00,1033.78272,16.736
09-02-2015 00:00,1061.66172,17.0795
10-02-2015 00:00,1056.92587,17.017
11-02-2015 00:00,1041.88551,16.721
12-02-2015 00:00,1060.331525,17.0225
13-02-2015 00:00,1079.072736,17.3596
16-02-2015 00:00,1074.8505,17.275
17-02-2015 00:00,1028.74548,16.534
18-02-2015 00:00,1039.36365,16.6725
19-02-2015 00:00,1021.56243,16.4715
20-02-2015 00:00,1011.081925,16.2475
23-02-2015 00:00,1016.775695,16.3285
24-02-2015 00:00,1034.50194,16.6105
25-02-2015 00:00,1032.130647,16.647
26-02-2015 00:00,1024.357238,16.5955
27-02-2015 00:00,1026.45165,16.60925
02-03-2015 00:00,1024.93985,16.5465
03-03-2015 00:00,1011.72281,16.345
04-03-2015 00:00,1009.905,16.25
05-03-2015 00:00,1006.47072,16.176
06-03-2015 00:00,990.07575,15.9125
09-03-2015 00:00,984.47445,15.739
10-03-2015 00:00,984.4048875,15.7065
11-03-2015 00:00,972.142224,15.478
12-03-2015 00:00,979.189095,15.6525
13-03-2015 00:00,985.9862684,15.6548
16-03-2015 00:00,979.95744,15.5925
17-03-2015 00:00,975.59454,15.556
18-03-2015 00:00,1001.992719,15.981
19-03-2015 00:00,1009.931282,16.1465
20-03-2015 00:00,1045.742181,16.74125
23-03-2015 00:00,1051.38462,16.887
24-03-2015 00:00,1053.389058,16.923
25-03-2015 00:00,1063.93705,17.05
26-03-2015 00:00,1070.8757,17.075
27-03-2015 00:00,1059.548783,16.95875
30-03-2015 00:00,1035.124269,16.5255
31-03-2015 00:00,1046.0868,16.72
01-04-2015 00:00,1060.554956,16.95125
02-04-2015 00:00,1049.449669,16.77375
06-04-2015 00:00,1053.074338,16.931
07-04-2015 00:00,1052.441616,16.872
08-04-2015 00:00,1021.86711,16.41
09-04-2015 00:00,1015.565529,16.3185
10-04-2015 00:00,1027.301171,16.4835
13-04-2015 00:00,1017.94581,16.29
14-04-2015 00:00,1012.634245,16.205
15-04-2015 00:00,1023.432952,16.3925
16-04-2015 00:00,1016.059067,16.3005
17-04-2015 00:00,1014.593111,16.2715
20-04-2015 00:00,1007.529107,16.0335
21-04-2015 00:00,1005.227846,16.0035
22-04-2015 00:00,998.934375,15.875
23-04-2015 00:00,999.4282125,15.8225
24-04-2015 00:00,1000.10386,15.74
27-04-2015 00:00,1039.549929,16.3405
28-04-2015 00:00,1046.926517,16.5855
29-04-2015 00:00,1044.5596,16.52
30-04-2015 00:00,1030.93848,16.1975
01-05-2015 00:00,1028.567592,16.16025
04-05-2015 00:00,1043.8272,16.4
05-05-2015 00:00,1051.121641,16.5745
06-05-2015 00:00,1046.311683,16.4605
07-05-2015 00:00,1049.150255,16.333
08-05-2015 00:00,1052.973953,16.46275
11-05-2015 00:00,1039.793933,16.2605
12-05-2015 00:00,1064.71891,16.5795
13-05-2015 00:00,1095.933042,17.117
14-05-2015 00:00,1108.576425,17.369
15-05-2015 00:00,1112.468335,17.50375
18-05-2015 00:00,1116.35326,17.545
19-05-2015 00:00,1088.748588,17.1125
20-05-2015 00:00,1099.997072,17.2335
21-05-2015 00:00,1093.65624,17.17425
22-05-2015 00:00,1086.901779,17.10875
25-05-2015 00:00,1090.44845,17.15
26-05-2015 00:00,1072.136488,16.771
27-05-2015 00:00,1068.428664,16.713
28-05-2015 00:00,1070.0422,16.76
29-05-2015 00:00,1068.582175,16.745
01-06-2015 00:00,1065.497978,16.7255
02-06-2015 00:00,1073.18322,16.79
03-06-2015 00:00,1055.985085,16.51525
04-06-2015 00:00,1036.77522,16.19
05-06-2015 00:00,1029.4232,16.12
08-06-2015 00:00,1031.237287,16.09975
09-06-2015 00:00,1028.072775,16.085
10-06-2015 00:00,1025.111564,16.0555
11-06-2015 00:00,1023.615892,16.003
12-06-2015 00:00,1023.630163,15.9755
15-06-2015 00:00,1031.8168,16.1
16-06-2015 00:00,1026.814514,15.99275
17-06-2015 00:00,1038.413992,16.184
18-06-2015 00:00,1031.625784,16.1745
19-06-2015 00:00,1023.90502,16.108
22-06-2015 00:00,1023.75372,16.115
23-06-2015 00:00,1008.934675,15.865
24-06-2015 00:00,1015.869566,15.962
25-06-2015 00:00,1007.98075,15.85
26-06-2015 00:00,1005.274226,15.80595
29-06-2015 00:00,1001.99904,15.68
30-06-2015 00:00,1000.652625,15.715
01-07-2015 00:00,991.14984,15.59
02-07-2015 00:00,993.131721,15.6315
03-07-2015 00:00,996.671348,15.706
06-07-2015 00:00,995.17824,15.68
07-07-2015 00:00,949.42144,14.96
08-07-2015 00:00,959.145851,15.09325
09-07-2015 00:00,982.63944,15.48
10-07-2015 00:00,989.1556738,15.59125
13-07-2015 00:00,978.28844,15.41
14-07-2015 00:00,975.03217,15.365
15-07-2015 00:00,958.1925025,15.1175
16-07-2015 00:00,953.862125,15.025
17-07-2015 00:00,944.8998,14.885
20-07-2015 00:00,940.85106,14.79
21-07-2015 00:00,938.48508,14.76
22-07-2015 00:00,945.75792,14.88
23-07-2015 00:00,933.71775,14.65
24-07-2015 00:00,939.1364228,14.68525
27-07-2015 00:00,939.28776,14.64
28-07-2015 00:00,941.524051,14.7265
29-07-2015 00:00,942.98149,14.765
30-07-2015 00:00,940.0131,14.69
31-07-2015 00:00,948.186801,14.787
03-08-2015 00:00,927.587012,14.494
04-08-2015 00:00,928.120984,14.551
05-08-2015 00:00,931.02423,14.594
06-08-2015 00:00,938.13025,14.71
07-08-2015 00:00,946.096043,14.827
10-08-2015 00:00,971.47738,15.22
11-08-2015 00:00,979.12298,15.235
12-08-2015 00:00,1000.04868,15.42
13-08-2015 00:00,1002.357849,15.41425
14-08-2015 00:00,992.2636,15.248
17-08-2015 00:00,999.522524,15.301
18-08-2015 00:00,970.975936,14.864
19-08-2015 00:00,1004.869901,15.4185
20-08-2015 00:00,1024.272354,15.643
21-08-2015 00:00,1010.095984,15.3305
24-08-2015 00:00,996.149565,14.935
25-08-2015 00:00,966.6237825,14.6115
26-08-2015 00:00,941.183516,14.222
27-08-2015 00:00,957.0110065,14.5105
28-08-2015 00:00,966.0653355,14.6035
31-08-2015 00:00,974.398344,14.676
01-09-2015 00:00,965.69805,14.55
02-09-2015 00:00,969.848975,14.6525
03-09-2015 00:00,978.7316,14.78
04-09-2015 00:00,969.241599,14.5755
07-09-2015 00:00,968.860295,14.495
08-09-2015 00:00,990.655872,14.864
09-09-2015 00:00,972.179916,14.6395
10-09-2015 00:00,980.2590525,14.7485
11-09-2015 00:00,972.3561,14.6175
14-09-2015 00:00,956.732256,14.416
15-09-2015 00:00,954.51093,14.373
16-09-2015 00:00,989.072685,14.895
17-09-2015 00:00,1003.548539,15.113
18-09-2015 00:00,999.4736055,15.1755
21-09-2015 00:00,997.324416,15.192
22-09-2015 00:00,971.22165,14.749
23-09-2015 00:00,980.21018,14.86
24-09-2015 00:00,999.475572,15.117
25-09-2015 00:00,998.3516,15.1
28-09-2015 00:00,964.707182,14.594
29-09-2015 00:00,967.207194,14.646
30-09-2015 00:00,960.278775,14.61
01-10-2015 00:00,953.47504,14.54
02-10-2015 00:00,999.902848,15.248
05-10-2015 00:00,1019.039368,15.62225
06-10-2015 00:00,1042.299027,15.939
07-10-2015 00:00,1020.847618,15.701
08-10-2015 00:00,1027.53048,15.78
09-10-2015 00:00,1026.997238,15.8475
12-10-2015 00:00,1019.155845,15.7105
13-10-2015 00:00,1043.247465,16.029
14-10-2015 00:00,1051.482071,16.1585
15-10-2015 00:00,1041.86631,16.07
16-10-2015 00:00,1041.663182,16.053001
19-10-2015 00:00,1025.83149,15.83
20-10-2015 00:00,1030.583385,15.871
21-10-2015 00:00,1023.372714,15.7065
22-10-2015 00:00,1035.589464,15.894
23-10-2015 00:00,1026.952872,15.8224
26-10-2015 00:00,1029.307349,15.8555
27-10-2015 00:00,1033.898112,15.912
28-10-2015 00:00,1034.94024,15.93
29-10-2015 00:00,1019.834388,15.633
30-10-2015 00:00,1016.267254,15.5565
02-11-2015 00:00,1013.52,15.45
03-11-2015 00:00,1004.55623,15.2975
04-11-2015 00:00,986.1025,15.055
05-11-2015 00:00,989.3569,15.05
06-11-2015 00:00,972.659286,14.787
09-11-2015 00:00,964.92051,14.535
10-11-2015 00:00,962.656435,14.495
11-11-2015 00:00,956.2475805,14.3985
12-11-2015 00:00,949.0085635,14.2895
13-11-2015 00:00,943.89225,14.2625
16-11-2015 00:00,939.10605,14.225
17-11-2015 00:00,937.71648,14.1975
18-11-2015 00:00,945.177775,14.255
19-11-2015 00:00,946.295128,14.296
20-11-2015 00:00,925.979175,13.995
23-11-2015 00:00,939.7444,14.14
24-11-2015 00:00,945.492395,14.249
25-11-2015 00:00,943.5681,14.22
26-11-2015 00:00,951.048,14.28
27-11-2015 00:00,940.3091125,14.09125
30-11-2015 00:00,946.263375,14.1975
01-12-2015 00:00,943.6081,14.18
02-12-2015 00:00,930.6814,13.97
03-12-2015 00:00,940.8019975,14.1145
04-12-2015 00:00,971.536885,14.5505
07-12-2015 00:00,952.9044,14.28
08-12-2015 00:00,947.1197025,14.1795
09-12-2015 00:00,948.4209,14.175
10-12-2015 00:00,940.89681,14.0895
11-12-2015 00:00,931.1954225,13.9265
14-12-2015 00:00,921.78625,13.7375
15-12-2015 00:00,926.25325,13.835
16-12-2015 00:00,939.79494,14.073
17-12-2015 00:00,916.58309,13.7915
18-12-2015 00:00,935.7999125,14.09125
21-12-2015 00:00,944.9654375,14.2475
22-12-2015 00:00,947.12607,14.279
23-12-2015 00:00,948.85551,14.331
24-12-2015 00:00,952.29843,14.383
28-12-2015 00:00,927.884515,14.0185
29-12-2015 00:00,927.9068,13.9745
30-12-2015 00:00,923.91003,13.9185
31-12-2015 00:00,917.2044125,13.865
04-01-2016 00:00,931.05472,13.984
05-01-2016 00:00,930.47832,13.968
06-01-2016 00:00,940.2469725,14.0745
07-01-2016 00:00,949.8755525,14.1995
08-01-2016 00:00,929.346465,13.9395
11-01-2016 00:00,924.5691,13.845
12-01-2016 00:00,924.00966,13.818
13-01-2016 00:00,940.48794,14.076
14-01-2016 00:00,931.24038,13.8495
15-01-2016 00:00,941.6850637,13.9215
18-01-2016 00:00,943.7976,13.945
19-01-2016 00:00,948.851415,14.029
20-01-2016 00:00,964.05837,14.1815
21-01-2016 00:00,957.75525,14.095
22-01-2016 00:00,949.163325,14.0305
25-01-2016 00:00,967.69506,14.277
26-01-2016 00:00,981.38662,14.479
27-01-2016 00:00,981.95328,14.432
28-01-2016 00:00,971.958395,14.2495
29-01-2016 00:00,968.199485,14.2655
01-02-2016 00:00,969.39968,14.2895
02-02-2016 00:00,971.121375,14.2875
03-02-2016 00:00,999.6871625,14.677
04-02-2016 00:00,1003.824525,14.8385
05-02-2016 00:00,1015.497792,15.0044
08-02-2016 00:00,1043.06515,15.355
09-02-2016 00:00,1034.245192,15.219
10-02-2016 00:00,1041.24224,15.3485
11-02-2016 00:00,1070.34939,15.669
12-02-2016 00:00,1074.15,15.75
15-02-2016 00:00,1043.061338,15.3335
16-02-2016 00:00,1046.4858,15.2995
17-02-2016 00:00,1045.78367,15.287
18-02-2016 00:00,1053.362943,15.377
19-02-2016 00:00,1050.622843,15.337
22-02-2016 00:00,1044.961063,15.241
23-02-2016 00:00,1047.90806,15.289
24-02-2016 00:00,1046.30963,15.259
25-02-2016 00:00,1040.45516,15.1405
26-02-2016 00:00,1010.037,14.7
29-02-2016 00:00,1022.60532,14.946
01-03-2016 00:00,1005.493775,14.803
02-03-2016 00:00,1009.07077,14.9315
03-03-2016 00:00,1027.487134,15.2565
04-03-2016 00:00,1042.02098,15.5155
07-03-2016 00:00,1046.8565,15.5875
08-03-2016 00:00,1030.653575,15.295
09-03-2016 00:00,1026.556375,15.275
10-03-2016 00:00,1048.058707,15.6345
11-03-2016 00:00,1035.687588,15.475
14-03-2016 00:00,1027.671381,15.3105
15-03-2016 00:00,1029.64487,15.284
16-03-2016 00:00,1040.26434,15.5635
17-03-2016 00:00,1071.264529,16.0795
18-03-2016 00:00,1050.697332,15.804
21-03-2016 00:00,1052.71848,15.84
22-03-2016 00:00,1055.924501,15.814
23-03-2016 00:00,1020.369875,15.25
24-03-2016 00:00,1017.108,15.2
25-03-2016 00:00,1015.413473,15.195
28-03-2016 00:00,1015.28271,15.21
29-03-2016 00:00,1006.679106,15.1295
30-03-2016 00:00,1011.444924,15.2565
31-03-2016 00:00,1023.374115,15.439
01-04-2016 00:00,997.455459,15.054
04-04-2016 00:00,988.793,14.95
05-04-2016 00:00,1006.29855,15.138
06-04-2016 00:00,1006.01826,15.119
07-04-2016 00:00,1015.997238,15.2125
08-04-2016 00:00,1022.82739,15.37
11-04-2016 00:00,1054.477643,15.905
12-04-2016 00:00,1070.204953,16.1365
13-04-2016 00:00,1077.412863,16.195
14-04-2016 00:00,1077.566836,16.169
15-04-2016 00:00,1080.824023,16.237
18-04-2016 00:00,1074.61897,16.18
19-04-2016 00:00,1121.720573,16.937
20-04-2016 00:00,1123.375756,16.9675
21-04-2016 00:00,1132.711074,17.028
22-04-2016 00:00,1131.47897,16.9735
25-04-2016 00:00,1133.403524,16.9895
26-04-2016 00:00,1140.687306,17.163
27-04-2016 00:00,1145.757195,17.265
28-04-2016 00:00,1169.432,17.6
29-04-2016 00:00,1183.753941,17.8385
02-05-2016 00:00,1164.900711,17.5495
03-05-2016 00:00,1163.7651,17.475
04-05-2016 00:00,1163.124996,17.457
05-05-2016 00:00,1157.803407,17.383
06-05-2016 00:00,1163.8016,17.485
09-05-2016 00:00,1133.183986,16.9815
10-05-2016 00:00,1140.1083,17.1
11-05-2016 00:00,1160.536748,17.426
12-05-2016 00:00,1139.442612,17.068
13-05-2016 00:00,1144.178926,17.116
16-05-2016 00:00,1148.180567,17.16559
17-05-2016 00:00,1154.267874,17.2615
18-05-2016 00:00,1135.038448,16.8985
19-05-2016 00:00,1114.742713,16.5185
20-05-2016 00:00,1114.373163,16.5325
23-05-2016 00:00,1105.292095,16.3855
24-05-2016 00:00,1097.277444,16.218
25-05-2016 00:00,1098.098412,16.3155
26-05-2016 00:00,1094.77887,16.3495
27-05-2016 00:00,1089.499236,16.228
30-05-2016 00:00,1076.203089,16.029
31-05-2016 00:00,1076.385915,16.0105
01-06-2016 00:00,1075.111718,15.9595
02-06-2016 00:00,1075.439708,15.9805
03-06-2016 00:00,1095.834615,16.4095
06-06-2016 00:00,1099.860104,16.463
07-06-2016 00:00,1092.849713,16.395
08-06-2016 00:00,1141.398462,17.1595
09-06-2016 00:00,1150.702146,17.2395
10-06-2016 00:00,1160.842775,17.33675
13-06-2016 00:00,1171.072793,17.4355
14-06-2016 00:00,1170.74552,17.3945
15-06-2016 00:00,1177.774658,17.5575
16-06-2016 00:00,1162.787992,17.2755
17-06-2016 00:00,1173.450883,17.495
20-06-2016 00:00,1180.803,17.4675
21-06-2016 00:00,1166.983833,17.2595
22-06-2016 00:00,1162.96521,17.247
23-06-2016 00:00,1170.35927,17.4035
24-06-2016 00:00,1205.019318,17.7505
27-06-2016 00:00,1205.611234,17.7485
28-06-2016 00:00,1203.91047,17.78
29-06-2016 00:00,1229.332676,18.233
30-06-2016 00:00,1267.766486,18.7795
01-07-2016 00:00,1328.60315,19.775
04-07-2016 00:00,1372.299326,20.407
05-07-2016 00:00,1365.535108,20.25025
06-07-2016 00:00,1359.12042,20.162
07-07-2016 00:00,1334.226442,19.765
08-07-2016 00:00,1362.490649,20.2895
11-07-2016 00:00,1362.265758,20.286
12-07-2016 00:00,1350.561312,20.1635
13-07-2016 00:00,1368.472473,20.421
14-07-2016 00:00,1358.190133,20.3185
15-07-2016 00:00,1358.990861,20.241
18-07-2016 00:00,1342.594638,19.99575
19-07-2016 00:00,1336.102605,19.881
20-07-2016 00:00,1295.512778,19.2865
21-07-2016 00:00,1331.15084,19.82
22-07-2016 00:00,1318.802245,19.6395
25-07-2016 00:00,1315.873385,19.519
26-07-2016 00:00,1321.773289,19.6425
27-07-2016 00:00,1360.857344,20.2895
28-07-2016 00:00,1351.940436,20.174
29-07-2016 00:00,1356.93794,20.341
01-08-2016 00:00,1365.589269,20.4575
02-08-2016 00:00,1375.974327,20.63425
03-08-2016 00:00,1363.596167,20.4255
04-08-2016 00:00,1359.763899,20.3425
05-08-2016 00:00,1317.876925,19.7163
08-08-2016 00:00,1319.520153,19.753
09-08-2016 00:00,1330.520076,19.9205
10-08-2016 00:00,1347.7113,20.1865
11-08-2016 00:00,1336.762196,20.027
12-08-2016 00:00,1318.833444,19.711
15-08-2016 00:00,1327.191327,19.846
16-08-2016 00:00,1327.200408,19.849
17-08-2016 00:00,1322.5514,19.7645
18-08-2016 00:00,1316.902715,19.706
19-08-2016 00:00,1295.705911,19.299
22-08-2016 00:00,1269.338215,18.8875
23-08-2016 00:00,1266.716781,18.8675
24-08-2016 00:00,1248.140069,18.5825
25-08-2016 00:00,1243.160018,18.551
26-08-2016 00:00,1252.52283,18.654
29-08-2016 00:00,1267.002093,18.883
30-08-2016 00:00,1251.778688,18.645
31-08-2016 00:00,1253.313487,18.7105
01-09-2016 00:00,1263.932261,18.921
02-09-2016 00:00,1302.87275,19.57
05-09-2016 00:00,1299.269543,19.547
06-09-2016 00:00,1325.713156,20.00625
07-09-2016 00:00,1317.636487,19.819
08-09-2016 00:00,1304.826829,19.5795
09-09-2016 00:00,1275.37195,19.0585
12-09-2016 00:00,1279.881797,19.179
13-09-2016 00:00,1271.931057,18.947
14-09-2016 00:00,1268.000584,18.991
15-09-2016 00:00,1269.446472,18.9855
16-09-2016 00:00,1260.013268,18.785
19-09-2016 00:00,1286.775565,19.2155
20-09-2016 00:00,1291.279484,19.277
21-09-2016 00:00,1325.227499,19.8475
22-09-2016 00:00,1324.973831,19.8845
23-09-2016 00:00,1312.946856,19.682
26-09-2016 00:00,1295.177435,19.442
27-09-2016 00:00,1272.862201,19.155
28-09-2016 00:00,1276.140777,19.2355
29-09-2016 00:00,1276.958865,19.11
30-09-2016 00:00,1276.000129,19.172
03-10-2016 00:00,1252.221587,18.8615
04-10-2016 00:00,1185.373255,17.7965
05-10-2016 00:00,1184.397947,17.7915
06-10-2016 00:00,1153.506699,17.29525
07-10-2016 00:00,1168.628405,17.5475
10-10-2016 00:00,1174.119872,17.657
11-10-2016 00:00,1170.585133,17.5215
12-10-2016 00:00,1168.730222,17.4885
13-10-2016 00:00,1168.267618,17.491
14-10-2016 00:00,1162.511662,17.42465
17-10-2016 00:00,1167.768244,17.483
18-10-2016 00:00,1178.340775,17.6545
19-10-2016 00:00,1180.72711,17.716
20-10-2016 00:00,1169.943426,17.5005
21-10-2016 00:00,1196.885662,17.885
24-10-2016 00:00,1175.293421,17.5825
25-10-2016 00:00,1186.305493,17.7605
26-10-2016 00:00,1179.615103,17.6395
27-10-2016 00:00,1180.303044,17.6395
28-10-2016 00:00,1186.353442,17.7655
31-10-2016 00:00,1191.803256,17.872
01-11-2016 00:00,1224.86768,18.367
02-11-2016 00:00,1239.187335,18.554
03-11-2016 00:00,1225.120455,18.369
04-11-2016 00:00,1230.218216,18.41775
07-11-2016 00:00,1217.111671,18.236
08-11-2016 00:00,1214.501233,18.335
09-11-2016 00:00,1225.269849,18.42
10-11-2016 00:00,1252.253329,18.628
11-11-2016 00:00,1173.79468,17.37385
14-11-2016 00:00,1149.853918,16.9465
15-11-2016 00:00,1156.925163,17.075
16-11-2016 00:00,1155.515543,16.995
17-11-2016 00:00,1134.380714,16.68575
18-11-2016 00:00,1130.325728,16.576
21-11-2016 00:00,1138.470575,16.687
22-11-2016 00:00,1140.866134,16.6805
23-11-2016 00:00,1125.551396,16.3575
24-11-2016 00:00,1125.175575,16.365
25-11-2016 00:00,1130.593322,16.4955
28-11-2016 00:00,1144.358195,16.69
29-11-2016 00:00,1142.233905,16.647
30-11-2016 00:00,1132.194773,16.5055
01-12-2016 00:00,1130.257746,16.5665
02-12-2016 00:00,1138.562554,16.7367
05-12-2016 00:00,1139.522307,16.753
06-12-2016 00:00,1132.970916,16.72825
07-12-2016 00:00,1157.001231,17.1555
08-12-2016 00:00,1147.310357,17.019
09-12-2016 00:00,1138.68368,16.8736
12-12-2016 00:00,1151.275133,17.0749
13-12-2016 00:00,1139.935944,16.914
14-12-2016 00:00,1142.2572,16.84
15-12-2016 00:00,1085.40858,15.996
16-12-2016 00:00,1093.457455,16.1145
19-12-2016 00:00,1085.226825,15.9945
20-12-2016 00:00,1090.2407,16.0555
21-12-2016 00:00,1082.111896,15.952
22-12-2016 00:00,1073.824651,15.8275
23-12-2016 00:00,1068.491813,15.75
26-12-2016 00:00,1070.209998,15.789
27-12-2016 00:00,1084.847013,15.9595
28-12-2016 00:00,1092.088043,16.0095
29-12-2016 00:00,1101.005086,16.204
30-12-2016 00:00,1119.227085,16.47
02-01-2017 00:00,1088.583364,15.97475
03-01-2017 00:00,1112.716872,16.2965
04-01-2017 00:00,1119.155474,16.4835
05-01-2017 00:00,1125.406797,16.6135
06-01-2017 00:00,1123.927061,16.4885
09-01-2017 00:00,1129.930055,16.591
10-01-2017 00:00,1146.08355,16.774
11-01-2017 00:00,1142.909575,16.7705
12-01-2017 00:00,1144.662861,16.799
13-01-2017 00:00,1146.21353,16.8175
16-01-2017 00:00,1145.66231,16.822
17-01-2017 00:00,1165.092543,17.158
18-01-2017 00:00,1165.199447,17.0565
19-01-2017 00:00,1156.871721,16.98775
20-01-2017 00:00,1162.501895,17.06525
23-01-2017 00:00,1171.358833,17.2103
24-01-2017 00:00,1165.22151,17.09175
25-01-2017 00:00,1155.124656,16.992
26-01-2017 00:00,1144.366943,16.7875
27-01-2017 00:00,1167.966698,17.1495
30-01-2017 00:00,1163.572974,17.154
31-01-2017 00:00,1185.399795,17.5585
01-02-2017 00:00,1183.619508,17.56
02-02-2017 00:00,1173.501748,17.4425
03-02-2017 00:00,1176.725947,17.5095
06-02-2017 00:00,1191.040613,17.7225
07-02-2017 00:00,1190.446506,17.6745
08-02-2017 00:00,1189.122482,17.755
09-02-2017 00:00,1178.689125,17.6555
10-02-2017 00:00,1200.157152,17.953
13-02-2017 00:00,1194.318561,17.845
14-02-2017 00:00,1198.94317,17.952
15-02-2017 00:00,1202.521803,17.9815
16-02-2017 00:00,1214.341743,18.078
17-02-2017 00:00,1206.617939,17.9915
20-02-2017 00:00,1209.288946,18.0565
21-02-2017 00:00,1204.081943,17.978
22-02-2017 00:00,1205.839463,18.0185
23-02-2017 00:00,1212.996216,18.1875
24-02-2017 00:00,1236.562525,18.535
27-02-2017 00:00,1220.625645,18.299
28-02-2017 00:00,1220.958119,18.3005
01-03-2017 00:00,1229.556247,18.3885
02-03-2017 00:00,1191.505869,17.823
03-03-2017 00:00,1198.989921,17.9745
06-03-2017 00:00,1184.834332,17.771
07-03-2017 00:00,1166.144258,17.502
08-03-2017 00:00,1152.515727,17.2585
09-03-2017 00:00,1128.880757,16.9265
10-03-2017 00:00,1134.005887,17.0385
13-03-2017 00:00,1120.908506,16.9375
14-03-2017 00:00,1113.066972,16.92
15-03-2017 00:00,1137.354903,17.33
16-03-2017 00:00,1132.4189,17.3135
17-03-2017 00:00,1139.67907,17.4055
20-03-2017 00:00,1140.158274,17.4485
21-03-2017 00:00,1148.662927,17.5355
22-03-2017 00:00,1147.238549,17.527
23-03-2017 00:00,1151.332342,17.59
24-03-2017 00:00,1161.767427,17.769
27-03-2017 00:00,1174.470443,18.0535
28-03-2017 00:00,1181.658125,18.1375
29-03-2017 00:00,1180.376615,18.2185
30-03-2017 00:00,1174.915695,18.1235
31-03-2017 00:00,1184.158149,18.257
03-04-2017 00:00,1186.078613,18.279
04-04-2017 00:00,1190.142853,18.2855
05-04-2017 00:00,1193.114575,18.3415
06-04-2017 00:00,1178.743314,18.242
07-04-2017 00:00,1157.573528,17.9985
10-04-2017 00:00,1160.721883,17.9695
11-04-2017 00:00,1188.002596,18.37
12-04-2017 00:00,1195.24853,18.5195
13-04-2017 00:00,1195.936348,18.543
17-04-2017 00:00,1183.943936,18.379
18-04-2017 00:00,1182.459915,18.3015
19-04-2017 00:00,1176.719612,18.1995
20-04-2017 00:00,1166.0234,18.022
21-04-2017 00:00,1159.603693,17.9365
24-04-2017 00:00,1158.161465,17.9755
25-04-2017 00:00,1135.227895,17.6305
26-04-2017 00:00,1118.07121,17.4535
27-04-2017 00:00,1109.1223,17.303
28-04-2017 00:00,1107.050265,17.2195
01-05-2017 00:00,1085.9602,16.91
02-05-2017 00:00,1081.183095,16.8645
03-05-2017 00:00,1058.84,16.48
04-05-2017 00:00,1051.402376,16.374
05-05-2017 00:00,1050.786639,16.338
08-05-2017 00:00,1049.205646,16.2865
09-05-2017 00:00,1048.006592,16.2045
10-05-2017 00:00,1045.615215,16.1885
11-05-2017 00:00,1052.530058,16.343
12-05-2017 00:00,1058.090445,16.47
15-05-2017 00:00,1067.364919,16.665
16-05-2017 00:00,1084.478115,16.941
17-05-2017 00:00,1087.801885,16.9255
18-05-2017 00:00,1081.405734,16.6675
19-05-2017 00:00,1089.381399,16.8725
22-05-2017 00:00,1109.543185,17.1995
23-05-2017 00:00,1107.533931,17.0665
24-05-2017 00:00,1113.236094,17.1875
25-05-2017 00:00,1106.770055,17.1445
26-05-2017 00:00,1119.063644,17.347
29-05-2017 00:00,1122.559121,17.399
30-05-2017 00:00,1121.855553,17.3585
31-05-2017 00:00,1119.08896,17.3475
01-06-2017 00:00,1108.791971,17.222
02-06-2017 00:00,1130.459817,17.5495
05-06-2017 00:00,1128.930045,17.5425
06-06-2017 00:00,1140.226558,17.697
07-06-2017 00:00,1130.620023,17.5485
08-06-2017 00:00,1120.973539,17.446
09-06-2017 00:00,1105.536564,17.208
12-06-2017 00:00,1092.59835,16.945
13-06-2017 00:00,1084.753294,16.8525
14-06-2017 00:00,1089.15959,16.9715
15-06-2017 00:00,1082.483765,16.7645
16-06-2017 00:00,1075.370285,16.697
19-06-2017 00:00,1064.081405,16.498
20-06-2017 00:00,1065.660466,16.5115
21-06-2017 00:00,1065.617813,16.508
22-06-2017 00:00,1072.958009,16.609
23-06-2017 00:00,1078.789982,16.724
26-06-2017 00:00,1068.270954,16.58
27-06-2017 00:00,1077.634358,16.6985
28-06-2017 00:00,1085.516446,16.824
29-06-2017 00:00,1078.968005,16.652
30-06-2017 00:00,1074.154261,16.6225
03-07-2017 00:00,1049.413965,16.1815
04-07-2017 00:00,1047.118529,16.1645
05-07-2017 00:00,1042.654526,16.09
06-07-2017 00:00,1025.281795,15.841
07-07-2017 00:00,1010.050688,15.6125
10-07-2017 00:00,1011.286536,15.6855
11-07-2017 00:00,1023.792758,15.864
12-07-2017 00:00,1024.367188,15.9125
13-07-2017 00:00,1011.416535,15.6965
14-07-2017 00:00,1037.540468,16.105
17-07-2017 00:00,1036.03485,16.1025
18-07-2017 00:00,1047.873318,16.2925
19-07-2017 00:00,1047.590517,16.299
20-07-2017 00:00,1049.722028,16.3165
21-07-2017 00:00,1063.712846,16.521
24-07-2017 00:00,1060.161334,16.4685
25-07-2017 00:00,1058.512854,16.422
26-07-2017 00:00,1070.154306,16.629
27-07-2017 00:00,1065.25183,16.594
28-07-2017 00:00,1074.062856,16.752
31-07-2017 00:00,1078.647899,16.8015
01-08-2017 00:00,1068.137051,16.6725
02-08-2017 00:00,1052.780924,16.54
03-08-2017 00:00,1062.664613,16.6805
04-08-2017 00:00,1035.936709,16.269
07-08-2017 00:00,1038.646507,16.2695
08-08-2017 00:00,1050.243444,16.484
09-08-2017 00:00,1080.893493,16.916
10-08-2017 00:00,1098.42721,17.1225
11-08-2017 00:00,1097.347744,17.1085
14-08-2017 00:00,1090.362888,16.988
15-08-2017 00:00,1071.339225,16.67
16-08-2017 00:00,1097.026783,17.0955
17-08-2017 00:00,1094.623344,17.0505
18-08-2017 00:00,1088.181351,16.9775
21-08-2017 00:00,1092.836693,17.031
22-08-2017 00:00,1086.286504,16.955
23-08-2017 00:00,1093.440215,17.081
24-08-2017 00:00,1086.107133,16.9585
25-08-2017 00:00,1079.452758,16.865
28-08-2017 00:00,1116.009255,17.4925
29-08-2017 00:00,1111.496422,17.368
30-08-2017 00:00,1112.656032,17.389
31-08-2017 00:00,1122.53073,17.561
01-09-2017 00:00,1135.332179,17.7325
04-09-2017 00:00,1142.119429,17.8355
05-09-2017 00:00,1150.046204,17.9385
06-09-2017 00:00,1142.85339,17.85
07-09-2017 00:00,1159.436713,18.1275
08-09-2017 00:00,1146.384899,17.9725
11-09-2017 00:00,1138.261158,17.7895
12-09-2017 00:00,1143.121405,17.8625
13-09-2017 00:00,1138.444963,17.7535
14-09-2017 00:00,1145.024425,17.845
15-09-2017 00:00,1127.607529,17.5885
18-09-2017 00:00,1105.788772,17.2175
19-09-2017 00:00,1112.981015,17.3065
20-09-2017 00:00,1100.868878,17.1225
21-09-2017 00:00,1101.710182,16.9985
22-09-2017 00:00,1101.199523,16.995
25-09-2017 00:00,1117.999275,17.1275
26-09-2017 00:00,1099.00968,16.816
27-09-2017 00:00,1099.873905,16.783
28-09-2017 00:00,1101.647925,16.8525
29-09-2017 00:00,1086.76672,16.64
02-10-2017 00:00,1088.229939,16.5935
03-10-2017 00:00,1089.532303,16.646
04-10-2017 00:00,1079.067008,16.5935
05-10-2017 00:00,1084.068945,16.623
06-10-2017 00:00,1100.03641,16.82
09-10-2017 00:00,1110.124613,16.968
10-10-2017 00:00,1119.506286,17.1575
11-10-2017 00:00,1121.70488,17.2
12-10-2017 00:00,1122.376915,17.2525
13-10-2017 00:00,1126.84755,17.4165
16-10-2017 00:00,1115.216133,17.2355
17-10-2017 00:00,1107.854222,17.06
18-10-2017 00:00,1105.201199,16.99
19-10-2017 00:00,1121.174241,17.2715
20-10-2017 00:00,1108.29012,17.04
23-10-2017 00:00,1112.332835,17.101
24-10-2017 00:00,1100.988893,16.915
25-10-2017 00:00,1101.153,16.98
26-10-2017 00:00,1089.3465,16.785
27-10-2017 00:00,1096.680391,16.8615
30-10-2017 00:00,1093.962709,16.8685
31-10-2017 00:00,1080.19001,16.7005
01-11-2017 00:00,1105.774185,17.1265
02-11-2017 00:00,1106.66905,17.155
03-11-2017 00:00,1087.747584,16.8485
06-11-2017 00:00,1110.160006,17.1849
07-11-2017 00:00,1107.978259,17.00005
08-11-2017 00:00,1107.413889,17.058
09-11-2017 00:00,1105.395694,17.0125
10-11-2017 00:00,1100.806783,16.886
13-11-2017 00:00,1114.717149,17.032
14-11-2017 00:00,1114.417221,17.03395
15-11-2017 00:00,1109.948292,16.997
16-11-2017 00:00,1115.06634,17.097
17-11-2017 00:00,1125.483321,17.311
20-11-2017 00:00,1103.12367,16.962
21-11-2017 00:00,1100.126943,16.985
22-11-2017 00:00,1107.4141,17.095
23-11-2017 00:00,1104.451575,17.0995
24-11-2017 00:00,1102.058699,17.0385
27-11-2017 00:00,1099.222824,17.05705
28-11-2017 00:00,1088.950513,16.8895
29-11-2017 00:00,1067.647786,16.572
30-11-2017 00:00,1061.11841,16.449
01-12-2017 00:00,1060.426678,16.4355
04-12-2017 00:00,1052.147987,16.3475
05-12-2017 00:00,1038.181795,16.129
06-12-2017 00:00,1031.13528,15.98035
07-12-2017 00:00,1015.939061,15.7385
08-12-2017 00:00,1022.62849,15.8595
11-12-2017 00:00,1013.0264,15.74
12-12-2017 00:00,1015.59336,15.731
13-12-2017 00:00,1031.98186,16.042
14-12-2017 00:00,1022.671233,15.908
15-12-2017 00:00,1029.453233,16.065
18-12-2017 00:00,1035.837333,16.132
19-12-2017 00:00,1033.694264,16.137
20-12-2017 00:00,1036.203075,16.197
21-12-2017 00:00,1035.264905,16.147
22-12-2017 00:00,1050.000221,16.401
26-12-2017 00:00,1059.495474,16.545
27-12-2017 00:00,1069.98975,16.686
28-12-2017 00:00,1079.161327,16.843
29-12-2017 00:00,1081.904954,16.947
01-01-2018 00:00,1087.005119,17.017
02-01-2018 00:00,1091.89695,17.202
03-01-2018 00:00,1084.827897,17.103
04-01-2018 00:00,1088.798148,17.179
05-01-2018 00:00,1090.72341,17.22
08-01-2018 00:00,1085.136738,17.099
09-01-2018 00:00,1078.474692,16.945
10-01-2018 00:00,1084.09,17
11-01-2018 00:00,1083.423567,17.013
12-01-2018 00:00,1097.153904,17.248
15-01-2018 00:00,1103.219288,17.365
16-01-2018 00:00,1101.962033,17.217
17-01-2018 00:00,1087.556895,17.037
18-01-2018 00:00,1084.641648,16.98
19-01-2018 00:00,1086.841924,17.027
22-01-2018 00:00,1087.409502,17.02
23-01-2018 00:00,1087.621492,17.058
24-01-2018 00:00,1114.060008,17.52
25-01-2018 00:00,1101.716503,17.327
26-01-2018 00:00,1107.078435,17.411
29-01-2018 00:00,1094.330489,17.185
30-01-2018 00:00,1092.61518,17.131
31-01-2018 00:00,1105.716375,17.365
01-02-2018 00:00,1101.373805,17.213
02-02-2018 00:00,1065.02207,16.604
05-02-2018 00:00,1079.432791,16.781
06-02-2018 00:00,1068.283875,16.675
07-02-2018 00:00,1054.00715,16.415
08-02-2018 00:00,1060.0736,16.448
09-02-2018 00:00,1050.339362,16.355
12-02-2018 00:00,1064.507479,16.557
13-02-2018 00:00,1067.612317,16.614
14-02-2018 00:00,1082.386986,16.903
15-02-2018 00:00,1077.818167,16.867
16-02-2018 00:00,1072.54423,16.657
19-02-2018 00:00,1074.8199,16.66
20-02-2018 00:00,1068.8805,16.476
21-02-2018 00:00,1072.944555,16.531
22-02-2018 00:00,1078.878931,16.608
23-02-2018 00:00,1072.9917,16.533
26-02-2018 00:00,1078.177046,16.641
27-02-2018 00:00,1066.57068,16.429
28-02-2018 00:00,1071.2429,16.415
01-03-2018 00:00,1073.037695,16.469
02-03-2018 00:00,1076.984287,16.519
05-03-2018 00:00,1068.890242,16.441
06-03-2018 00:00,1089.2167,16.783
07-03-2018 00:00,1070.285689,16.491
08-03-2018 00:00,1073.373746,16.488
09-03-2018 00:00,1078.237935,16.587
12-03-2018 00:00,1075.598125,16.559
13-03-2018 00:00,1076.169505,16.598
14-03-2018 00:00,1074.187242,16.565
15-03-2018 00:00,1066.641162,16.403
16-03-2018 00:00,1063.650875,16.345
19-03-2018 00:00,1065.109453,16.331
20-03-2018 00:00,1056.342937,16.191
21-03-2018 00:00,1077.066256,16.551
22-03-2018 00:00,1072.504336,16.457
23-03-2018 00:00,1077.075341,16.567
26-03-2018 00:00,1081.544075,16.715
27-03-2018 00:00,1073.853225,16.545
28-03-2018 00:00,1063.072348,16.315
29-03-2018 00:00,1064.297775,16.365
02-04-2018 00:00,1081.211565,16.597
03-04-2018 00:00,1065.969215,16.421
04-04-2018 00:00,1060.556575,16.315
05-04-2018 00:00,1065.125159,16.419
06-04-2018 00:00,1064.10372,16.391
09-04-2018 00:00,1070.113125,16.495
10-04-2018 00:00,1077.596325,16.595
11-04-2018 00:00,1088.23494,16.692
12-04-2018 00:00,1076.495907,16.489
13-04-2018 00:00,1086.26009,16.659
16-04-2018 00:00,1092.901749,16.701
17-04-2018 00:00,1101.296801,16.767
18-04-2018 00:00,1136.04615,17.205
19-04-2018 00:00,1139.664375,17.235
20-04-2018 00:00,1133.462128,17.12
23-04-2018 00:00,1107.941085,16.647
24-04-2018 00:00,1111.878032,16.739
25-04-2018 00:00,1109.495466,16.58
26-04-2018 00:00,1107.22668,16.548
27-04-2018 00:00,1100.8955,16.525
30-04-2018 00:00,1084.744965,16.323
01-05-2018 00:00,1081.270557,16.187
02-05-2018 00:00,1100.0374,16.394
03-05-2018 00:00,1096.85484,16.452
04-05-2018 00:00,1104.26732,16.526
07-05-2018 00:00,1108.027973,16.506
08-05-2018 00:00,1108.280727,16.499
09-05-2018 00:00,1115.31596,16.489
10-05-2018 00:00,1126.0518,16.707
11-05-2018 00:00,1122.821444,16.661
14-05-2018 00:00,1118.950328,16.531
15-05-2018 00:00,1114.92288,16.281
16-05-2018 00:00,1115.19081,16.383
17-05-2018 00:00,1119.63635,16.429
18-05-2018 00:00,1117.741385,16.441
21-05-2018 00:00,1129.84773,16.511
22-05-2018 00:00,1133.64016,16.564
23-05-2018 00:00,1131.24216,16.476
24-05-2018 00:00,1137.379866,16.66
25-05-2018 00:00,1118.250367,16.51
28-05-2018 00:00,1111.367421,16.486
29-05-2018 00:00,1117.90484,16.406
30-05-2018 00:00,1113.70416,16.514
31-05-2018 00:00,1108.736575,16.439
01-06-2018 00:00,1098.604155,16.413
04-06-2018 00:00,1100.68577,16.411
05-06-2018 00:00,1107.134595,16.501
06-06-2018 00:00,1115.227069,16.685
07-06-2018 00:00,1128.07144,16.732
08-06-2018 00:00,1133.509335,16.789
11-06-2018 00:00,1141.20546,16.908
12-06-2018 00:00,1144.51992,16.851
13-06-2018 00:00,1154.4306,17.027
14-06-2018 00:00,1170.23636,17.174
15-06-2018 00:00,1134.75331,16.573
18-06-2018 00:00,1124.521275,16.531
19-06-2018 00:00,1110.725655,16.321
20-06-2018 00:00,1115.56684,16.319
21-06-2018 00:00,1107.677715,16.329
22-06-2018 00:00,1116.988389,16.459
25-06-2018 00:00,1116.50864,16.328
26-06-2018 00:00,1113.350125,16.283
27-06-2018 00:00,1114.85575,16.099
28-06-2018 00:00,1102.060897,16.017
29-06-2018 00:00,1103.128065,16.117
02-07-2018 00:00,1089.658128,15.86
03-07-2018 00:00,1103.929575,16.035
04-07-2018 00:00,1109.84213,16.087
05-07-2018 00:00,1109.4005,16.055
06-07-2018 00:00,1103.12813,16.042
09-07-2018 00:00,1106.751167,16.117
10-07-2018 00:00,1101.31759,16.018
11-07-2018 00:00,1086.82749,15.813
12-07-2018 00:00,1093.1892,15.945
13-07-2018 00:00,1083.248425,15.815
16-07-2018 00:00,1086.102255,15.799
17-07-2018 00:00,1064.663718,15.573
18-07-2018 00:00,1068.018657,15.563
19-07-2018 00:00,1056.790493,15.328
20-07-2018 00:00,1067.128635,15.523
23-07-2018 00:00,1064.86506,15.386
24-07-2018 00:00,1066.150795,15.493
25-07-2018 00:00,1076.23149,15.627
26-07-2018 00:00,1059.77292,15.416
27-07-2018 00:00,1063.481625,15.497
30-07-2018 00:00,1065.18467,15.506
31-07-2018 00:00,1063.332845,15.521
01-08-2018 00:00,1052.356608,15.404
02-08-2018 00:00,1051.411286,15.321
03-08-2018 00:00,1056.63833,15.422
06-08-2018 00:00,1054.46004,15.322
07-08-2018 00:00,1056.463794,15.399
08-08-2018 00:00,1055.935695,15.423
09-08-2018 00:00,1066.85107,15.437
10-08-2018 00:00,1058.39721,15.318
13-08-2018 00:00,1049.456459,15.001
14-08-2018 00:00,1052.68812,15.047
15-08-2018 00:00,1020.33346,14.438
16-08-2018 00:00,1027.190065,14.671
17-08-2018 00:00,1033.454565,14.807
20-08-2018 00:00,1030.638345,14.773
21-08-2018 00:00,1032.214775,14.785
22-08-2018 00:00,1028.150145,14.731
23-08-2018 00:00,1019.69478,14.508
24-08-2018 00:00,1033.92595,14.818
27-08-2018 00:00,1042.3295,14.9
28-08-2018 00:00,1041.18978,14.754
29-08-2018 00:00,1047.28145,14.765
30-08-2018 00:00,1039.873815,14.561
31-08-2018 00:00,1030.66241,14.543
03-09-2018 00:00,1030.8186,14.49
04-09-2018 00:00,1016.91096,14.171
05-09-2018 00:00,1021.0519,14.201
06-09-2018 00:00,1020.310187,14.181
07-09-2018 00:00,1022.232585,14.177
10-09-2018 00:00,1025.745435,14.157
11-09-2018 00:00,1031.487645,14.129
12-09-2018 00:00,1024.860794,14.247
13-09-2018 00:00,1022.284163,14.191
14-09-2018 00:00,1013.94051,14.062
17-09-2018 00:00,1023.099314,14.103
18-09-2018 00:00,1036.76401,14.177
19-09-2018 00:00,1031.05875,14.25
20-09-2018 00:00,1027.9627,14.332
21-09-2018 00:00,1032.09602,14.291
24-09-2018 00:00,1046.28032,14.272
25-09-2018 00:00,1058.11952,14.471
26-09-2018 00:00,1047.012225,14.385
27-09-2018 00:00,1041.12936,14.264
28-09-2018 00:00,1062.417265,14.651
01-10-2018 00:00,1069.666265,14.501
02-10-2018 00:00,1081.029675,14.745
03-10-2018 00:00,1080.718815,14.631
04-10-2018 00:00,1083.08865,14.59
05-10-2018 00:00,1084.681925,14.645
08-10-2018 00:00,1064.309685,14.403
09-10-2018 00:00,1073.88768,14.403
10-10-2018 00:00,1070.734525,14.329
11-10-2018 00:00,1081.61075,14.575
12-10-2018 00:00,1075.299798,14.593
15-10-2018 00:00,1089.1965,14.7
16-10-2018 00:00,1076.930765,14.659
17-10-2018 00:00,1080.77925,14.615
18-10-2018 00:00,1081.397325,14.579
19-10-2018 00:00,1074.718825,14.627
22-10-2018 00:00,1075.983137,14.566
23-10-2018 00:00,1080.811901,14.759
24-10-2018 00:00,1076.122198,14.695
25-10-2018 00:00,1072.016898,14.639
26-10-2018 00:00,1074.49875,14.694
29-10-2018 00:00,1066.546295,14.491
30-10-2018 00:00,1065.63922,14.467
31-10-2018 00:00,1058.304225,14.285
01-11-2018 00:00,1081.39668,14.749
02-11-2018 00:00,1075.277505,14.747
05-11-2018 00:00,1067.253655,14.647
06-11-2018 00:00,1065.85922,14.548
07-11-2018 00:00,1054.577065,14.569
08-11-2018 00:00,1052.74749,14.439
09-11-2018 00:00,1026.09936,14.157
12-11-2018 00:00,1027.20951,14.031
13-11-2018 00:00,1017.869255,14.027
14-11-2018 00:00,1024.306775,14.143
15-11-2018 00:00,1027.698145,14.293
16-11-2018 00:00,1034.350065,14.409
19-11-2018 00:00,1034.4159,14.427
20-11-2018 00:00,1023.163125,14.325
21-11-2018 00:00,1033.280755,14.491
22-11-2018 00:00,1026.898275,14.495
23-11-2018 00:00,1008.744275,14.273
26-11-2018 00:00,1009.11418,14.249
27-11-2018 00:00,1003.802305,14.159
28-11-2018 00:00,1011.55886,14.326
29-11-2018 00:00,1001.18946,14.316
30-11-2018 00:00,989.40837,14.181
03-12-2018 00:00,1015.480475,14.405
04-12-2018 00:00,1026.89368,14.537
05-12-2018 00:00,1027.76,14.5
06-12-2018 00:00,1024.11425,14.47
07-12-2018 00:00,1043.145625,14.615
10-12-2018 00:00,1057.71204,14.536
11-12-2018 00:00,1058.36436,14.572
12-12-2018 00:00,1063.71056,14.741
13-12-2018 00:00,1055.071103,14.745
14-12-2018 00:00,1048.16208,14.574
17-12-2018 00:00,1050.083865,14.667
18-12-2018 00:00,1033.22062,14.639
19-12-2018 00:00,1033.921688,14.625
20-12-2018 00:00,1039.755125,14.785
21-12-2018 00:00,1026.77946,14.639
24-12-2018 00:00,1037.94737,14.774
25-12-2018 00:00,1035.488445,14.739
26-12-2018 00:00,1055.341665,15.043
27-12-2018 00:00,1066.513815,15.237
28-12-2018 00:00,1075.670235,15.381
31-12-2018 00:00,1080.69104,15.496
01-01-2019 00:00,1078.38962,15.463
02-01-2019 00:00,1084.35507,15.493
03-01-2019 00:00,1107.424575,15.745
04-01-2019 00:00,1091.5425,15.7
07-01-2019 00:00,1093.529325,15.661
08-01-2019 00:00,1102.73625,15.675
09-01-2019 00:00,1110.975073,15.745
10-01-2019 00:00,1102.32705,15.585
11-01-2019 00:00,1097.72446,15.596
14-01-2019 00:00,1112.77894,15.652
15-01-2019 00:00,1108.701283,15.593
16-01-2019 00:00,1112.950375,15.593
17-01-2019 00:00,1104.034194,15.541
18-01-2019 00:00,1092.695425,15.335
21-01-2019 00:00,1091.88619,15.269
22-01-2019 00:00,1092.539707,15.336
23-01-2019 00:00,1093.912568,15.371
24-01-2019 00:00,1087.72,15.32
25-01-2019 00:00,1117.658825,15.745
28-01-2019 00:00,1120.182076,15.755
29-01-2019 00:00,1134.196955,15.833
30-01-2019 00:00,1142.27667,16.059
31-01-2019 00:00,1142.9205,16.05
01-02-2019 00:00,1137.00006,15.911
04-02-2019 00:00,1137.011005,15.859
05-02-2019 00:00,1137.92834,15.853
06-02-2019 00:00,1120.838583,15.665
07-02-2019 00:00,1127.47091,15.749
08-02-2019 00:00,1126.96092,15.837
11-02-2019 00:00,1118.745675,15.705
12-02-2019 00:00,1112.51138,15.709
13-02-2019 00:00,1105.438935,15.597
14-02-2019 00:00,1109.26138,15.619
15-02-2019 00:00,1126.308315,15.789
18-02-2019 00:00,1134.38049,15.819
19-02-2019 00:00,1143.82653,15.973
20-02-2019 00:00,1147.1913,16.084
21-02-2019 00:00,1128.227165,15.847
22-02-2019 00:00,1131.090305,15.923
25-02-2019 00:00,1130.3478,15.898
26-02-2019 00:00,1130.366685,15.933
27-02-2019 00:00,1121.8984,15.757
28-02-2019 00:00,1106.514598,15.623
01-03-2019 00:00,1080.368958,15.217
04-03-2019 00:00,1069.96099,15.089
05-03-2019 00:00,1071.546613,15.145
06-03-2019 00:00,1061.747625,15.087
07-03-2019 00:00,1060.562886,15.044
08-03-2019 00:00,1073.542455,15.337
11-03-2019 00:00,1068.709331,15.311
12-03-2019 00:00,1079.050185,15.447
13-03-2019 00:00,1077.356099,15.449
14-03-2019 00:00,1053.177445,15.187
15-03-2019 00:00,1054.651159,15.293
18-03-2019 00:00,1052.921047,15.343
19-03-2019 00:00,1065.910313,15.375
20-03-2019 00:00,1067.975025,15.515
21-03-2019 00:00,1066.074603,15.461
22-03-2019 00:00,1067.91563,15.439
25-03-2019 00:00,1070.880369,15.535
26-03-2019 00:00,1072.115,15.44
27-03-2019 00:00,1060.26516,15.282
28-03-2019 00:00,1045.5056,15.04
29-03-2019 00:00,1050.9744,15.135
01-04-2019 00:00,1044.930825,15.099
02-04-2019 00:00,1041.7258,15.115
03-04-2019 00:00,1043.44248,15.152
04-04-2019 00:00,1045.25394,15.153
05-04-2019 00:00,1046.149641,15.111
08-04-2019 00:00,1060.480312,15.245
09-04-2019 00:00,1054.732427,15.226
10-04-2019 00:00,1053.503297,15.235
11-04-2019 00:00,1039.87485,14.973
12-04-2019 00:00,1035.970109,14.979
15-04-2019 00:00,1048.90586,15.023
16-04-2019 00:00,1049.054055,15.009
17-04-2019 00:00,1040.364007,14.989
18-04-2019 00:00,1041.905865,15.015
22-04-2019 00:00,1051.718153,15.009
23-04-2019 00:00,1034.427896,14.827
24-04-2019 00:00,1046.7497,14.931
25-04-2019 00:00,1049.390855,14.955
26-04-2019 00:00,1053.577716,15.083
29-04-2019 00:00,1042.509296,14.931
30-04-2019 00:00,1039.960073,14.949
01-05-2019 00:00,1023.472058,14.696
02-05-2019 00:00,1015.4781,14.625
03-05-2019 00:00,1033.17343,14.935
06-05-2019 00:00,1036.087548,14.927
07-05-2019 00:00,1042.96401,14.916
08-05-2019 00:00,1039.59954,14.844
09-05-2019 00:00,1040.17382,14.771
10-05-2019 00:00,1033.32262,14.776
13-05-2019 00:00,1044.60698,14.791
14-05-2019 00:00,1040.724914,14.801
15-05-2019 00:00,1038.471749,14.789
16-05-2019 00:00,1021.536678,14.543
17-05-2019 00:00,1013.785028,14.411
20-05-2019 00:00,1014.959763,14.471
21-05-2019 00:00,1011.913115,14.459
22-05-2019 00:00,1011.597038,14.455
23-05-2019 00:00,1021.799245,14.606
24-05-2019 00:00,1010.58216,14.568
27-05-2019 00:00,1014.3525,14.595
28-05-2019 00:00,1003.933938,14.365
29-05-2019 00:00,1006.667025,14.417
30-05-2019 00:00,1017.16467,14.533
31-05-2019 00:00,1014.12267,14.575
03-06-2019 00:00,1022.222338,14.778
04-06-2019 00:00,1027.471068,14.823
05-06-2019 00:00,1031.261738,14.809
06-06-2019 00:00,1031.74001,14.873
07-06-2019 00:00,1041.89085,15.015
10-06-2019 00:00,1023.32452,14.717
11-06-2019 00:00,1024.153547,14.758
12-06-2019 00:00,1030.38351,14.781
13-06-2019 00:00,1042.76655,14.934
14-06-2019 00:00,1038.90596,14.867
17-06-2019 00:00,1040.477655,14.838
18-06-2019 00:00,1047.113425,15.007
19-06-2019 00:00,1057.770383,15.131
20-06-2019 00:00,1078.999553,15.459
21-06-2019 00:00,1067.7051,15.345
24-06-2019 00:00,1077.253438,15.475
25-06-2019 00:00,1066.72111,15.316
26-06-2019 00:00,1064.583962,15.293
27-06-2019 00:00,1059.092125,15.275
28-06-2019 00:00,1056.111745,15.317
01-07-2019 00:00,1048.108302,15.151
02-07-2019 00:00,1063.126298,15.387
03-07-2019 00:00,1056.588908,15.309
04-07-2019 00:00,1053.79401,15.319
05-07-2019 00:00,1026.68155,14.999
08-07-2019 00:00,1034.433625,15.019
09-07-2019 00:00,1038.158625,15.095
10-07-2019 00:00,1044.878106,15.281
11-07-2019 00:00,1038.6306,15.12
12-07-2019 00:00,1044.104809,15.229
15-07-2019 00:00,1058.659227,15.397
16-07-2019 00:00,1071.817275,15.555
17-07-2019 00:00,1096.470648,15.938
18-07-2019 00:00,1124.34608,16.328
19-07-2019 00:00,1117.129981,16.21
22-07-2019 00:00,1130.33202,16.339
23-07-2019 00:00,1129.39983,16.361
24-07-2019 00:00,1149.46734,16.612
25-07-2019 00:00,1136.376176,16.431
26-07-2019 00:00,1128.54654,16.389
29-07-2019 00:00,1133.63344,16.439
30-07-2019 00:00,1144.227175,16.562
31-07-2019 00:00,1129.034975,16.265
01-08-2019 00:00,1130.19088,16.307
02-08-2019 00:00,1128.952114,16.205
05-08-2019 00:00,1180.10194,16.498
06-08-2019 00:00,1174.496165,16.483
07-08-2019 00:00,1217.450086,17.105
08-08-2019 00:00,1199.655399,17.021
09-08-2019 00:00,1205.868605,16.974
12-08-2019 00:00,1222.82879,17.081
13-08-2019 00:00,1207.126649,16.981
14-08-2019 00:00,1235.593119,17.246
15-08-2019 00:00,1240.829775,17.295
16-08-2019 00:00,1217.59533,17.115
19-08-2019 00:00,1215.87643,16.886
20-08-2019 00:00,1230.34842,17.131
21-08-2019 00:00,1224.115157,17.133
22-08-2019 00:00,1225.046642,17.031
23-08-2019 00:00,1250.920873,17.423
26-08-2019 00:00,1275.34842,17.669
27-08-2019 00:00,1301.484191,18.191
28-08-2019 00:00,1323.073888,18.341
29-08-2019 00:00,1310.92334,18.286
30-08-2019 00:00,1318.077183,18.373
02-09-2019 00:00,1324.070724,18.397
03-09-2019 00:00,1397.281434,19.361
04-09-2019 00:00,1408.584646,19.573
05-09-2019 00:00,1343.649582,18.679
06-09-2019 00:00,1303.21408,18.181
09-09-2019 00:00,1294.816695,17.958
10-09-2019 00:00,1295.23775,18.021
11-09-2019 00:00,1295.060959,18.095
12-09-2019 00:00,1282.361554,18.064
13-09-2019 00:00,1239.272623,17.447
16-09-2019 00:00,1279.536512,17.831
17-09-2019 00:00,1291.39032,18.006
18-09-2019 00:00,1265.119753,17.681
19-09-2019 00:00,1271.009579,17.803
20-09-2019 00:00,1280.908825,17.991
23-09-2019 00:00,1318.784149,18.627
24-09-2019 00:00,1322.63248,18.637
25-09-2019 00:00,1282.97548,17.989
26-09-2019 00:00,1273.540615,17.873
27-09-2019 00:00,1239.500665,17.543
30-09-2019 00:00,1208.618868,17.039
01-10-2019 00:00,1231.566213,17.319
02-10-2019 00:00,1251.200886,17.585
03-10-2019 00:00,1251.83272,17.624
04-10-2019 00:00,1243.332875,17.555
07-10-2019 00:00,1243.2847,17.416
08-10-2019 00:00,1272.852885,17.781
09-10-2019 00:00,1274.06138,17.839
10-10-2019 00:00,1243.67381,17.519
11-10-2019 00:00,1247.28275,17.555
14-10-2019 00:00,1261.1702,17.648
15-10-2019 00:00,1251.37149,17.431
16-10-2019 00:00,1246.57689,17.403
17-10-2019 00:00,1253.997538,17.555
18-10-2019 00:00,1247.709365,17.551
21-10-2019 00:00,1249.134975,17.565
22-10-2019 00:00,1247.612835,17.551
23-10-2019 00:00,1241.718825,17.557
24-10-2019 00:00,1264.322367,17.805
25-10-2019 00:00,1277.31604,18.031
28-10-2019 00:00,1263.54529,17.819
29-10-2019 00:00,1261.140482,17.789
30-10-2019 00:00,1268.179668,17.851
31-10-2019 00:00,1284.09918,18.091
01-11-2019 00:00,1280.89178,18.116
04-11-2019 00:00,1279.941525,18.021
05-11-2019 00:00,1247.793413,17.595
06-11-2019 00:00,1251.12519,17.619
07-11-2019 00:00,1225.8636,17.121
08-11-2019 00:00,1198.705338,16.794
11-11-2019 00:00,1208.324542,16.839
12-11-2019 00:00,1207.294112,16.817
13-11-2019 00:00,1224.050198,16.965
14-11-2019 00:00,1223.272969,16.998
15-11-2019 00:00,1215.144505,16.963
18-11-2019 00:00,1226.376175,17.046
19-11-2019 00:00,1234.068953,17.173
20-11-2019 00:00,1236.888,17.179
21-11-2019 00:00,1227.861173,17.113
22-11-2019 00:00,1221.479296,17.014
25-11-2019 00:00,1208.469901,16.857
26-11-2019 00:00,1220.18666,17.08
27-11-2019 00:00,1210.335319,16.99
28-11-2019 00:00,1212.969487,16.951
29-11-2019 00:00,1221.324834,17.021
02-12-2019 00:00,1211.706025,16.915
03-12-2019 00:00,1231.213893,17.162
04-12-2019 00:00,1206.109477,16.871
05-12-2019 00:00,1208.584904,16.965
06-12-2019 00:00,1182.603339,16.587
09-12-2019 00:00,1178.460171,16.605
10-12-2019 00:00,1179.995286,16.659
11-12-2019 00:00,1193.301252,16.869
12-12-2019 00:00,1191.85673,16.889
13-12-2019 00:00,1196.985303,16.933
16-12-2019 00:00,1210.790805,17.033
17-12-2019 00:00,1207.747271,17.002
18-12-2019 00:00,1208.773298,17.025
19-12-2019 00:00,1215.14157,17.059
20-12-2019 00:00,1223.614984,17.203
23-12-2019 00:00,1242.017787,17.439
24-12-2019 00:00,1267.163102,17.782
25-12-2019 00:00,1270.37025,17.755
26-12-2019 00:00,1277.639035,17.919
27-12-2019 00:00,1269.052392,17.767
30-12-2019 00:00,1278.018918,17.919
31-12-2019 00:00,1272.794151,17.851
01-01-2020 00:00,1272.969324,17.896
02-01-2020 00:00,1284.363444,18.03
03-01-2020 00:00,1296.075421,18.061
06-01-2020 00:00,1300.96164,18.12
07-01-2020 00:00,1341.81627,18.586
08-01-2020 00:00,1299.320115,18.133
09-01-2020 00:00,1275.479027,17.915
10-01-2020 00:00,1283.872235,18.085
13-01-2020 00:00,1268.098448,17.929
14-01-2020 00:00,1263.693574,17.835
15-01-2020 00:00,1278.312907,18.019
16-01-2020 00:00,1273.865887,17.953
17-01-2020 00:00,1281.27313,18.035
20-01-2020 00:00,1283.949849,18.074
21-01-2020 00:00,1265.035316,17.757
22-01-2020 00:00,1271.368538,17.879
23-01-2020 00:00,1267.787191,17.773
24-01-2020 00:00,1290.99155,18.1
27-01-2020 00:00,1292.45905,18.089
28-01-2020 00:00,1245.633148,17.485
29-01-2020 00:00,1253.41587,17.577
30-01-2020 00:00,1278.788715,17.839
31-01-2020 00:00,1289.627463,18.037
03-02-2020 00:00,1265.743985,17.699
04-02-2020 00:00,1252.467475,17.613
05-02-2020 00:00,1258.628595,17.626
06-02-2020 00:00,1273.7725,17.815
07-02-2020 00:00,1265.904716,17.701
10-02-2020 00:00,1266.724683,17.766
11-02-2020 00:00,1257.119793,17.635
12-02-2020 00:00,1249.931639,17.529
13-02-2020 00:00,1259.27726,17.667
14-02-2020 00:00,1268.458045,17.734
17-02-2020 00:00,1271.264148,17.815
18-02-2020 00:00,1300.484695,18.167
19-02-2020 00:00,1322.025513,18.403
20-02-2020 00:00,1323.843586,18.421
21-02-2020 00:00,1329.0561,18.488
24-02-2020 00:00,1340.907661,18.611
25-02-2020 00:00,1298.29656,18.062
26-02-2020 00:00,1284.743903,17.925
27-02-2020 00:00,1276.081506,17.799
28-02-2020 00:00,1203.373775,16.673
02-03-2020 00:00,1225.157535,16.821
03-03-2020 00:00,1267.691258,17.265
04-03-2020 00:00,1272.22195,17.18
05-03-2020 00:00,1292.270885,17.493
06-03-2020 00:00,1283.625959,17.347
09-03-2020 00:00,1259.712554,16.924
10-03-2020 00:00,1248.915814,16.979
11-03-2020 00:00,1257.28542,16.812
12-03-2020 00:00,1169.622296,15.713
13-03-2020 00:00,1091.117127,14.753
16-03-2020 00:00,978.422805,13.017
17-03-2020 00:00,945.8161473,12.777
18-03-2020 00:00,919.9602925,12.269
19-03-2020 00:00,910.7161434,12.117
20-03-2020 00:00,956.9283804,12.654
23-03-2020 00:00,1073.22224,13.784
24-03-2020 00:00,1113.816143,14.663
25-03-2020 00:00,1110.58458,14.397
26-03-2020 00:00,1077.625088,14.421
27-03-2020 00:00,1083.680348,14.473
30-03-2020 00:00,1055.74,14
31-03-2020 00:00,1052.27928,13.968
01-04-2020 00:00,1085.616345,13.989
02-04-2020 00:00,1101.980324,14.467
03-04-2020 00:00,1101.885561,14.419
06-04-2020 00:00,1155.806154,15.213
07-04-2020 00:00,1133.389035,14.983
08-04-2020 00:00,1138.547403,14.987
09-04-2020 00:00,1170.395798,15.418
13-04-2020 00:00,1187.41502,15.433
14-04-2020 00:00,1190.918982,15.677
15-04-2020 00:00,1190.075948,15.411
16-04-2020 00:00,1190.244668,15.486
17-04-2020 00:00,1163.6415,15.211
20-04-2020 00:00,1177.68222,15.251
21-04-2020 00:00,1145.927871,14.888
22-04-2020 00:00,1160.15733,15.066
23-04-2020 00:00,1158.839087,15.247
24-04-2020 00:00,1163.238956,15.242
27-04-2020 00:00,1154.306207,15.151
28-04-2020 00:00,1151.80161,15.141
29-04-2020 00:00,1150.177949,15.281
30-04-2020 00:00,1128.522622,14.965
01-05-2020 00:00,1138.64359,15.01
04-05-2020 00:00,1128.36845,14.845
05-05-2020 00:00,1135.268917,14.949
06-05-2020 00:00,1143.3776,14.912
07-05-2020 00:00,1154.988086,15.255
08-05-2020 00:00,1166.632532,15.457
11-05-2020 00:00,1180.256003,15.459
12-05-2020 00:00,1164.074205,15.445
13-05-2020 00:00,1175.976481,15.589
14-05-2020 00:00,1198.711198,15.878
15-05-2020 00:00,1261.606879,16.627
18-05-2020 00:00,1293.23515,17.104
19-05-2020 00:00,1317.42971,17.401
20-05-2020 00:00,1326.72168,17.496
21-05-2020 00:00,1291.318062,17.073
22-05-2020 00:00,1309.015598,17.225
25-05-2020 00:00,1301.76558,17.097
26-05-2020 00:00,1295.55938,17.162
27-05-2020 00:00,1314.074745,17.253
28-05-2020 00:00,1318.8454,17.422
29-05-2020 00:00,1348.391213,17.854
01-06-2020 00:00,1388.027125,18.325
02-06-2020 00:00,1355.617797,18.059
03-06-2020 00:00,1334.660438,17.663
04-06-2020 00:00,1338.61581,17.682
05-06-2020 00:00,1317.920444,17.441
08-06-2020 00:00,1339.73568,17.712
09-06-2020 00:00,1327.011861,17.574
10-06-2020 00:00,1364.091795,17.974
11-06-2020 00:00,1339.668057,17.633
12-06-2020 00:00,1329.171543,17.499
15-06-2020 00:00,1323.7486,17.392
16-06-2020 00:00,1335.923066,17.485
17-06-2020 00:00,1339.66872,17.496
18-06-2020 00:00,1330.993145,17.421
19-06-2020 00:00,1341.963348,17.599
22-06-2020 00:00,1353.795658,17.809
23-06-2020 00:00,1364.20443,17.982
24-06-2020 00:00,1331.181215,17.519
25-06-2020 00:00,1342.839036,17.776
26-06-2020 00:00,1344.514584,17.778
29-06-2020 00:00,1349.004908,17.865
30-06-2020 00:00,1375.297615,18.202
01-07-2020 00:00,1359.475438,18.017
02-07-2020 00:00,1341.176204,17.949
03-07-2020 00:00,1348.26279,18.054
06-07-2020 00:00,1366.293557,18.313
07-07-2020 00:00,1368.732669,18.273
08-07-2020 00:00,1401.455745,18.701
09-07-2020 00:00,1403.870918,18.684
10-07-2020 00:00,1407.872768,18.732
13-07-2020 00:00,1438.430456,19.125
14-07-2020 00:00,1453.215236,19.292
15-07-2020 00:00,1466.62483,19.459
16-07-2020 00:00,1440.613532,19.162
17-07-2020 00:00,1446.346588,19.311
20-07-2020 00:00,1494.024595,19.919
21-07-2020 00:00,1670.2189,22.407
22-07-2020 00:00,1708.130378,22.823
23-07-2020 00:00,1690.198804,22.58
24-07-2020 00:00,1702.45284,22.783
27-07-2020 00:00,1914.117334,25.589
28-07-2020 00:00,1822.93704,24.267
29-07-2020 00:00,1814.144903,24.243
30-07-2020 00:00,1762.092465,23.493
31-07-2020 00:00,1827.839981,24.394
03-08-2020 00:00,1822.788826,24.251
04-08-2020 00:00,1969.682095,26.251
05-08-2020 00:00,2013.648643,26.889
06-08-2020 00:00,2236.99848,29.779
07-08-2020 00:00,2123.603854,28.305
10-08-2020 00:00,2176.577711,29.069
11-08-2020 00:00,1859.755506,24.923
12-08-2020 00:00,1917.387371,25.643
13-08-2020 00:00,2061.73529,27.466
14-08-2020 00:00,1979.682251,26.447
17-08-2020 00:00,2043.454922,27.339
18-08-2020 00:00,2083.895331,27.943
19-08-2020 00:00,2000.92237,26.689
20-08-2020 00:00,2065.246898,27.457
21-08-2020 00:00,2007.281018,26.789
24-08-2020 00:00,1975.705369,26.629
25-08-2020 00:00,1968.134222,26.511
26-08-2020 00:00,2036.615967,27.431
27-08-2020 00:00,1988.450837,26.953
28-08-2020 00:00,2009.644309,27.481
31-08-2020 00:00,2073.274845,28.137
01-09-2020 00:00,2066.521351,28.289
02-09-2020 00:00,2018.005818,27.55
03-09-2020 00:00,1944.258558,26.47
04-09-2020 00:00,1972.227181,26.926
07-09-2020 00:00,1973.301892,26.867
08-09-2020 00:00,1964.72778,26.627
09-09-2020 00:00,1978.418319,26.987
10-09-2020 00:00,1973.005511,26.831
11-09-2020 00:00,1964.100322,26.731
14-09-2020 00:00,1993.915281,27.17
15-09-2020 00:00,1996.977898,27.129
16-09-2020 00:00,2004.82394,27.173
17-09-2020 00:00,1990.369559,27.049
18-09-2020 00:00,1970.543716,26.77
21-09-2020 00:00,1842.223712,25.037
22-09-2020 00:00,1796.784502,24.445
23-09-2020 00:00,1622.850075,21.923
24-09-2020 00:00,1716.744405,23.222
25-09-2020 00:00,1687.497452,22.897
28-09-2020 00:00,1753.911594,23.777
29-09-2020 00:00,1788.531164,24.259
30-09-2020 00:00,1722.929105,23.357
01-10-2020 00:00,1749.30298,23.813
02-10-2020 00:00,1740.458556,23.737
05-10-2020 00:00,1781.033862,24.359
06-10-2020 00:00,1720.00192,23.296
07-10-2020 00:00,1749.859368,23.789
08-10-2020 00:00,1749.60775,23.875
09-10-2020 00:00,1835.630831,25.159
12-10-2020 00:00,1846.612684,25.175
13-10-2020 00:00,1774.746609,24.173
14-10-2020 00:00,1777.631872,24.183
15-10-2020 00:00,1784.58342,24.252
16-10-2020 00:00,1774.41912,24.16
19-10-2020 00:00,1792.435463,24.421
20-10-2020 00:00,1820.052127,24.769
21-10-2020 00:00,1847.199593,24.963
22-10-2020 00:00,1824.66396,24.696
23-10-2020 00:00,1817.796773,24.62
26-10-2020 00:00,1795.845394,24.285
27-10-2020 00:00,1794.94368,24.32
28-10-2020 00:00,1739.790675,23.45
29-10-2020 00:00,1731.599358,23.311
30-10-2020 00:00,1764.964687,23.625
02-11-2020 00:00,1792.482802,24.073
03-11-2020 00:00,1822.047787,24.404
04-11-2020 00:00,1777.239416,23.955
05-11-2020 00:00,1865.447775,25.162
06-11-2020 00:00,1894.509289,25.608
09-11-2020 00:00,1792.801333,24.241
10-11-2020 00:00,1795.995698,24.177
11-11-2020 00:00,1809.283125,24.245
12-11-2020 00:00,1817.444738,24.269
13-11-2020 00:00,1838.477303,24.665
16-11-2020 00:00,1842.896019,24.764
17-11-2020 00:00,1826.67328,24.501
18-11-2020 00:00,1802.47903,24.279
19-11-2020 00:00,1776.177204,23.969
20-11-2020 00:00,1791.176323,24.152
23-11-2020 00:00,1747.486912,23.537
24-11-2020 00:00,1722.188871,23.285
25-11-2020 00:00,1723.744912,23.36
26-11-2020 00:00,1719.00666,23.211
27-11-2020 00:00,1674.956338,22.654
30-11-2020 00:00,1683.089123,22.661
01-12-2020 00:00,1750.90922,23.833
02-12-2020 00:00,1771.370554,24.047
03-12-2020 00:00,1777.573509,24.041
04-12-2020 00:00,1784.079946,24.175
07-12-2020 00:00,1810.93203,24.535
08-12-2020 00:00,1810.63315,24.559
09-12-2020 00:00,1766.668275,23.886
10-12-2020 00:00,1773.317,23.984
11-12-2020 00:00,1764.631257,23.931
14-12-2020 00:00,1762.231135,23.851
15-12-2020 00:00,1805.911987,24.485
16-12-2020 00:00,1871.980525,25.357
17-12-2020 00:00,1904.575355,25.902
18-12-2020 00:00,1897.370217,25.777
21-12-2020 00:00,1947.350405,26.257
22-12-2020 00:00,1882.908464,25.403
23-12-2020 00:00,1887.647038,25.564
24-12-2020 00:00,1896.400087,25.781
28-12-2020 00:00,1941.886141,26.404
29-12-2020 00:00,1928.328705,26.177
30-12-2020 00:00,1951.455638,26.663
31-12-2020 00:00,1933.032382,26.385
04-01-2021 00:00,1993.03607,27.179
05-01-2021 00:00,2018.638849,27.589
06-01-2021 00:00,2003.064125,27.299
07-01-2021 00:00,1996.469027,27.183
08-01-2021 00:00,1867.652489,25.452
11-01-2021 00:00,1849.106372,25.057
12-01-2021 00:00,1884.665057,25.663
13-01-2021 00:00,1852.519326,25.318
14-01-2021 00:00,1868.777904,25.568
15-01-2021 00:00,1813.015132,24.781
18-01-2021 00:00,1830.102197,25.005
19-01-2021 00:00,1847.226006,25.238
20-01-2021 00:00,1884.264073,25.844
21-01-2021 00:00,1891.508174,25.927
22-01-2021 00:00,1861.265702,25.497
25-01-2021 00:00,1849.000766,25.339
26-01-2021 00:00,1855.875467,25.451
27-01-2021 00:00,1837.889164,25.163
28-01-2021 00:00,1932.738947,26.498
29-01-2021 00:00,1967.402141,26.985
01-02-2021 00:00,2086.773107,28.539
02-02-2021 00:00,1955.154356,26.813
03-02-2021 00:00,1955.806863,26.844
04-02-2021 00:00,1921.584623,26.328
05-02-2021 00:00,1960.261707,26.931
08-02-2021 00:00,1988.73226,27.269
09-02-2021 00:00,1983.500516,27.225
10-02-2021 00:00,1966.750348,27.013
11-02-2021 00:00,1962.654282,26.993
12-02-2021 00:00,1985.582991,27.353
15-02-2021 00:00,2003.600158,27.583
16-02-2021 00:00,1974.576023,27.073
17-02-2021 00:00,1995.133841,27.408
18-02-2021 00:00,1929.64036,26.577
19-02-2021 00:00,1978.983174,27.277
22-02-2021 00:00,2044.406702,28.215
23-02-2021 00:00,2002.457713,27.665
24-02-2021 00:00,2021.943695,27.929
25-02-2021 00:00,2010.566229,27.485
26-02-2021 00:00,1962.742392,26.669
01-03-2021 00:00,1945.535279,26.538
02-03-2021 00:00,1958.347869,26.725
03-03-2021 00:00,1895.003582,26.001
04-03-2021 00:00,1853.129756,25.339
05-03-2021 00:00,1846.57365,25.233
08-03-2021 00:00,1845.879122,25.172
09-03-2021 00:00,1887.737961,25.939
10-03-2021 00:00,1903.896337,26.186
11-03-2021 00:00,1894.940115,26.087
12-03-2021 00:00,1884.178049,25.921
15-03-2021 00:00,1901.720299,26.225
16-03-2021 00:00,1880.550945,25.933
17-03-2021 00:00,1913.744789,26.371
18-03-2021 00:00,1892.084055,26.037
19-03-2021 00:00,1900.299856,26.232
22-03-2021 00:00,1867.568112,25.802
23-03-2021 00:00,1819.45016,25.057
24-03-2021 00:00,1821.73998,25.077
25-03-2021 00:00,1822.587555,25.1
26-03-2021 00:00,1816.038976,25.067
29-03-2021 00:00,1794.621583,24.671
30-03-2021 00:00,1764.01522,24.018
31-03-2021 00:00,1788.440816,24.431
01-04-2021 00:00,1829.770261,24.967
05-04-2021 00:00,1818.583556,24.817
06-04-2021 00:00,1849.529122,25.167
07-04-2021 00:00,1871.724825,25.157
08-04-2021 00:00,1893.958463,25.407
09-04-2021 00:00,1887.448033,25.257
12-04-2021 00:00,1860.607904,24.811
13-04-2021 00:00,1906.533998,25.359
14-04-2021 00:00,1907.31987,25.422
15-04-2021 00:00,1931.48557,25.847
16-04-2021 00:00,1935.432398,25.965
19-04-2021 00:00,1935.607933,25.85
20-04-2021 00:00,1945.16227,25.781
21-04-2021 00:00,2000.105857,26.516
22-04-2021 00:00,1961.023663,26.115
23-04-2021 00:00,1957.424037,26.023
26-04-2021 00:00,1961.129527,26.213
27-04-2021 00:00,1956.332533,26.233
28-04-2021 00:00,1955.67022,26.317
29-04-2021 00:00,1934.464329,26.104
30-04-2021 00:00,1920.777647,25.923
03-05-2021 00:00,1984.832558,26.881
04-05-2021 00:00,1954.040788,26.485
05-05-2021 00:00,1951.974292,26.45
06-05-2021 00:00,2008.8184,27.288
07-05-2021 00:00,2012.001231,27.466
10-05-2021 00:00,2008.982333,27.333
11-05-2021 00:00,2023.178526,27.573
12-05-2021 00:00,1998.251772,27.12
13-05-2021 00:00,1986.470972,27.047
14-05-2021 00:00,2008.213736,27.405
17-05-2021 00:00,2070.682057,28.261
18-05-2021 00:00,2059.37028,28.161
19-05-2021 00:00,2021.989587,27.614
20-05-2021 00:00,2023.370754,27.709
21-05-2021 00:00,2009.632111,27.563
24-05-2021 00:00,2016.415355,27.684
25-05-2021 00:00,2037.597733,27.987
26-05-2021 00:00,2012.090429,27.687
27-05-2021 00:00,2026.789157,27.885
28-05-2021 00:00,2020.073805,27.904
31-05-2021 00:00,2035.665058,28.083
01-06-2021 00:00,2029.091568,27.851
02-06-2021 00:00,2054.083702,28.153
03-06-2021 00:00,2004.266664,27.439
04-06-2021 00:00,2031.147284,27.768
07-06-2021 00:00,2031.025187,27.895
08-06-2021 00:00,2016.241471,27.629
09-06-2021 00:00,2030.603972,27.822
10-06-2021 00:00,2042.088011,27.969
11-06-2021 00:00,2046.316187,27.943
14-06-2021 00:00,2039.775407,27.873
15-06-2021 00:00,2030.554941,27.685
16-06-2021 00:00,2005.290819,27.163
17-06-2021 00:00,1932.092983,26.02
18-06-2021 00:00,1912.91778,25.8
21-06-2021 00:00,1923.295979,25.943
22-06-2021 00:00,1916.067564,25.777
23-06-2021 00:00,1920.476782,25.866
24-06-2021 00:00,1924.280295,25.937
25-06-2021 00:00,1936.307575,26.087
28-06-2021 00:00,1939.603544,26.11
29-06-2021 00:00,1916.849394,25.803
30-06-2021 00:00,1940.722988,26.095
01-07-2021 00:00,1938.737762,26.005
02-07-2021 00:00,1976.747787,26.443
05-07-2021 00:00,1964.003107,26.427
06-07-2021 00:00,1951.991083,26.109
07-07-2021 00:00,1955.925823,26.141
08-07-2021 00:00,1937.158776,25.925
09-07-2021 00:00,1942.180557,26.074
12-07-2021 00:00,1957.397065,26.259
13-07-2021 00:00,1939.127298,25.973
14-07-2021 00:00,1952.660826,26.221
15-07-2021 00:00,1962.104575,26.323
16-07-2021 00:00,1922.930246,25.669
19-07-2021 00:00,1887.812634,25.173
20-07-2021 00:00,1860.572796,24.965
21-07-2021 00:00,1881.482374,25.275
22-07-2021 00:00,1892.532246,25.419
23-07-2021 00:00,1874.152582,25.181
26-07-2021 00:00,1869.798718,25.169
27-07-2021 00:00,1842.671569,24.733
28-07-2021 00:00,1863.475763,25.05
29-07-2021 00:00,1895.511438,25.528
30-07-2021 00:00,1895.928357,25.49
02-08-2021 00:00,1887.816153,25.397
03-08-2021 00:00,1897.297527,25.565
04-08-2021 00:00,1882.273221,25.371
05-08-2021 00:00,1862.117376,25.139
06-08-2021 00:00,1808.165128,24.355
09-08-2021 00:00,1747.355249,23.465
10-08-2021 00:00,1736.36274,23.327
11-08-2021 00:00,1743.80589,23.533
12-08-2021 00:00,1723.434203,23.208
13-08-2021 00:00,1763.173269,23.757
16-08-2021 00:00,1771.665032,23.897
17-08-2021 00:00,1759.990538,23.667
18-08-2021 00:00,1745.568985,23.503
19-08-2021 00:00,1728.328581,23.221
20-08-2021 00:00,1710.499436,23.021
23-08-2021 00:00,1749.275671,23.605
24-08-2021 00:00,1766.654106,23.827
25-08-2021 00:00,1768.309151,23.863
26-08-2021 00:00,1749.570766,23.593
27-08-2021 00:00,1765.687123,24.024
30-08-2021 00:00,1764.297378,24.033
31-08-2021 00:00,1745.284078,23.909
01-09-2021 00:00,1762.888144,24.154
02-09-2021 00:00,1745.492363,23.893
03-09-2021 00:00,1803.332828,24.705
06-09-2021 00:00,1804.36097,24.68
07-09-2021 00:00,1785.374343,24.327
08-09-2021 00:00,1770.156645,23.987
09-09-2021 00:00,1768.842821,24.051
10-09-2021 00:00,1747.568345,23.768
13-09-2021 00:00,1746.08515,23.743
14-09-2021 00:00,1756.798496,23.853
15-09-2021 00:00,1755.200559,23.898
16-09-2021 00:00,1687.363846,22.937
17-09-2021 00:00,1650.989085,22.403
20-09-2021 00:00,1642.306638,22.296
21-09-2021 00:00,1660.690556,22.504
22-09-2021 00:00,1676.153278,22.689
23-09-2021 00:00,1666.350665,22.567
24-09-2021 00:00,1661.234349,22.435
27-09-2021 00:00,1670.819848,22.632
28-09-2021 00:00,1668.234894,22.494
29-09-2021 00:00,1602.765791,21.565
30-09-2021 00:00,1640.95351,22.099
01-10-2021 00:00,1671.450735,22.543
04-10-2021 00:00,1686.469526,22.615
05-10-2021 00:00,1687.147183,22.627
06-10-2021 00:00,1694.309717,22.661
07-10-2021 00:00,1690.53536,22.591
08-10-2021 00:00,1707.412938,22.673
11-10-2021 00:00,1701.163699,22.561
12-10-2021 00:00,1701.412741,22.54
13-10-2021 00:00,1736.945576,23.065
14-10-2021 00:00,1762.985986,23.508
15-10-2021 00:00,1747.189975,23.285
18-10-2021 00:00,1745.093221,23.195
19-10-2021 00:00,1775.769954,23.639
20-10-2021 00:00,1816.998153,24.289
21-10-2021 00:00,1808.30491,24.154
22-10-2021 00:00,1824.206758,24.323
25-10-2021 00:00,1843.838633,24.555
26-10-2021 00:00,1808.273416,24.146
27-10-2021 00:00,1803.912318,24.04
28-10-2021 00:00,1800.150229,24.067
29-10-2021 00:00,1789.968131,23.889
01-11-2021 00:00,1797.644693,24.023
02-11-2021 00:00,1757.762164,23.527
03-11-2021 00:00,1765.690426,23.721
04-11-2021 00:00,1770.871728,23.777
05-11-2021 00:00,1791.943677,24.153
08-11-2021 00:00,1807.1656,24.448
09-11-2021 00:00,1803.12129,24.309
10-11-2021 00:00,1833.863732,24.647
11-11-2021 00:00,1876.282873,25.245
12-11-2021 00:00,1880.3163,25.291
15-11-2021 00:00,1865.722048,25.065
16-11-2021 00:00,1849.18554,24.835
17-11-2021 00:00,1861.026101,25.061
18-11-2021 00:00,1841.714663,24.829
19-11-2021 00:00,1830.573479,24.634
22-11-2021 00:00,1804.407702,24.243
23-11-2021 00:00,1761.57083,23.662
24-11-2021 00:00,1758.837803,23.569
25-11-2021 00:00,1756.950746,23.581
26-11-2021 00:00,1734.47483,23.11
29-11-2021 00:00,1721.990306,22.943
30-11-2021 00:00,1711.541476,22.805
01-12-2021 00:00,1678.981215,22.381
02-12-2021 00:00,1678.603005,22.387
03-12-2021 00:00,1701.980347,22.551
06-12-2021 00:00,1688.242979,22.393
07-12-2021 00:00,1697.981075,22.517
08-12-2021 00:00,1692.436081,22.451
09-12-2021 00:00,1662.500908,21.991
10-12-2021 00:00,1680.775589,22.176
13-12-2021 00:00,1691.627889,22.309
14-12-2021 00:00,1670.686429,21.969
15-12-2021 00:00,1683.210502,22.086
16-12-2021 00:00,1710.575329,22.458
17-12-2021 00:00,1705.508063,22.349
20-12-2021 00:00,1686.16695,22.257
21-12-2021 00:00,1703.176685,22.503
22-12-2021 00:00,1718.860611,22.777
23-12-2021 00:00,1717.773035,22.883
27-12-2021 00:00,1728.376658,23.051
28-12-2021 00:00,1719.965155,23.013
29-12-2021 00:00,1702.072804,22.825
30-12-2021 00:00,1717.328558,23.072
31-12-2021 00:00,1736.102851,23.299
03-01-2022 00:00,1705.254962,22.919
04-01-2022 00:00,1718.556954,23.057
05-01-2022 00:00,1695.469444,22.779
06-01-2022 00:00,1651.57088,22.193
07-01-2022 00:00,1665.168886,22.361
10-01-2022 00:00,1665.62161,22.491
11-01-2022 00:00,1679.525209,22.753
12-01-2022 00:00,1706.905166,23.129
13-01-2022 00:00,1705.730725,23.059
14-01-2022 00:00,1709.327384,22.979
17-01-2022 00:00,1709.513574,23.022
18-01-2022 00:00,1751.554086,23.473
19-01-2022 00:00,1793.758785,24.093
20-01-2022 00:00,1815.435344,24.387
21-01-2022 00:00,1807.300628,24.285
24-01-2022 00:00,1787.972883,23.953
25-01-2022 00:00,1787.1221,23.896
26-01-2022 00:00,1767.324488,23.595
27-01-2022 00:00,1710.641215,22.745
28-01-2022 00:00,1684.759818,22.463
31-01-2022 00:00,1676.169116,22.482
01-02-2022 00:00,1691.19734,22.626
02-02-2022 00:00,1692.560904,22.621
03-02-2022 00:00,1674.046595,22.427
04-02-2022 00:00,1679.679052,22.503
07-02-2022 00:00,1720.356968,23.043
08-02-2022 00:00,1732.560963,23.195
09-02-2022 00:00,1742.379913,23.291
10-02-2022 00:00,1751.212523,23.183
11-02-2022 00:00,1782.529652,23.565
14-02-2022 00:00,1807.146265,23.877
15-02-2022 00:00,1757.517494,23.379
16-02-2022 00:00,1770.342655,23.589
17-02-2022 00:00,1789.68072,23.84
18-02-2022 00:00,1786.973639,23.927
21-02-2022 00:00,1789.109672,24.007
22-02-2022 00:00,1801.6549,24.141
23-02-2022 00:00,1832.200354,24.547
24-02-2022 00:00,1824.35905,24.193
25-02-2022 00:00,1822.119946,24.277
28-02-2022 00:00,1838.536206,24.421
01-03-2022 00:00,1923.006985,25.369
02-03-2022 00:00,1909.872125,25.25
03-03-2022 00:00,1904.992616,25.103
04-03-2022 00:00,1963.29467,25.689
07-03-2022 00:00,1980.828823,25.698
08-03-2022 00:00,2035.471944,26.464
09-03-2022 00:00,1952.485922,25.645
10-03-2022 00:00,1975.832761,25.892
11-03-2022 00:00,1984.378838,25.852
14-03-2022 00:00,1918.301488,25.079
15-03-2022 00:00,1903.14011,24.945
16-03-2022 00:00,1911.634795,25.145
17-03-2022 00:00,1930.166936,25.403
18-03-2022 00:00,1897.98273,24.991
21-03-2022 00:00,1925.921207,25.239
22-03-2022 00:00,1884.669745,24.765
23-03-2022 00:00,1927.037203,25.173
24-03-2022 00:00,1952.819468,25.586
25-03-2022 00:00,1947.103834,25.527
28-03-2022 00:00,1896.524792,24.943
29-03-2022 00:00,1872.227344,24.743
30-03-2022 00:00,1888.194273,24.901
31-03-2022 00:00,1882.782088,24.803
01-04-2022 00:00,1870.965029,24.633
04-04-2022 00:00,1851.121458,24.529
05-04-2022 00:00,1832.552674,24.288
06-04-2022 00:00,1854.05383,24.413
07-04-2022 00:00,1870.431495,24.639
08-04-2022 00:00,1879.945053,24.763
11-04-2022 00:00,1903.471766,25.099
12-04-2022 00:00,1934.13512,25.399
13-04-2022 00:00,1953.974335,25.669
14-04-2022 00:00,1958.166532,25.661
18-04-2022 00:00,1972.838692,25.863
19-04-2022 00:00,1919.015152,25.103
20-04-2022 00:00,1919.649417,25.167
21-04-2022 00:00,1878.986919,24.631
22-04-2022 00:00,1846.368964,24.147
25-04-2022 00:00,1812.566864,23.685
26-04-2022 00:00,1812.807426,23.606
27-04-2022 00:00,1783.993125,23.329
28-04-2022 00:00,1775.568583,23.183
29-04-2022 00:00,1744.2721,22.794
02-05-2022 00:00,1732.461926,22.639
03-05-2022 00:00,1728.090162,22.599
04-05-2022 00:00,1748.498561,23.006
05-05-2022 00:00,1718.981359,22.458
06-05-2022 00:00,1720.790755,22.361
09-05-2022 00:00,1688.204577,21.821
10-05-2022 00:00,1643.567995,21.27
11-05-2022 00:00,1667.829977,21.543
12-05-2022 00:00,1611.843013,20.813
13-05-2022 00:00,1636.127448,21.115
16-05-2022 00:00,1680.528554,21.599
17-05-2022 00:00,1673.802537,21.633
18-05-2022 00:00,1660.766223,21.341
19-05-2022 00:00,1695.914672,21.905
20-05-2022 00:00,1694.188741,21.771
23-05-2022 00:00,1687.066135,21.761
24-05-2022 00:00,1714.688856,22.131
25-05-2022 00:00,1703.628642,21.983
26-05-2022 00:00,1709.6554,22.023
27-05-2022 00:00,1718.473772,22.119
30-05-2022 00:00,1699.961298,21.929
31-05-2022 00:00,1672.186238,21.549
01-06-2022 00:00,1690.543376,21.79
02-06-2022 00:00,1732.149062,22.385
03-06-2022 00:00,1703.44972,21.925
06-06-2022 00:00,1714.791244,22.035
07-06-2022 00:00,1727.477375,22.241
08-06-2022 00:00,1714.168101,22.054
09-06-2022 00:00,1685.013724,21.653
10-06-2022 00:00,1713.422843,21.917
13-06-2022 00:00,1651.458487,21.129
14-06-2022 00:00,1645.343354,21.098
15-06-2022 00:00,1691.764073,21.717
16-06-2022 00:00,1705.299789,21.869
17-06-2022 00:00,1689.350994,21.669
20-06-2022 00:00,1683.691537,21.604
21-06-2022 00:00,1689.203808,21.619
22-06-2022 00:00,1672.790337,21.393
23-06-2022 00:00,1642.324075,21.017
24-06-2022 00:00,1655.275133,21.153
27-06-2022 00:00,1660.209056,21.165
28-06-2022 00:00,1646.388302,20.821
29-06-2022 00:00,1637.539405,20.755
30-06-2022 00:00,1600.032335,20.263
01-07-2022 00:00,1569.622843,19.881
04-07-2022 00:00,1578.242422,19.993
05-07-2022 00:00,1527.608407,19.247
06-07-2022 00:00,1516.342687,19.184
07-07-2022 00:00,1524.941391,19.249
08-07-2022 00:00,1532.230802,19.314
11-07-2022 00:00,1518.269189,19.103
12-07-2022 00:00,1501.947842,18.898
13-07-2022 00:00,1527.356892,19.138
14-07-2022 00:00,1473.998883,18.453
15-07-2022 00:00,1492.451225,18.721
18-07-2022 00:00,1498.492018,18.724
19-07-2022 00:00,1498.979792,18.771
20-07-2022 00:00,1494.922387,18.685
21-07-2022 00:00,1501.147815,18.817
22-07-2022 00:00,1484.194537,18.581
25-07-2022 00:00,1467.217491,18.404
26-07-2022 00:00,1491.198762,18.677
27-07-2022 00:00,1529.481736,19.155
28-07-2022 00:00,1587.7747,19.954
29-07-2022 00:00,1610.430325,20.335
01-08-2022 00:00,1605.403198,20.333
02-08-2022 00:00,1561.640568,19.867
03-08-2022 00:00,1581.975407,19.995
04-08-2022 00:00,1599.331826,20.205
05-08-2022 00:00,1583.949833,19.887
08-08-2022 00:00,1648.401322,20.708
09-08-2022 00:00,1632.874319,20.519
10-08-2022 00:00,1629.02434,20.595
11-08-2022 00:00,1614.338147,20.277
12-08-2022 00:00,1659.25031,20.837
15-08-2022 00:00,1611.030841,20.251
16-08-2022 00:00,1593.609744,20.135
17-08-2022 00:00,1573.352699,19.826
18-08-2022 00:00,1556.412728,19.512
19-08-2022 00:00,1523.159068,19.059
22-08-2022 00:00,1514.681472,18.961
23-08-2022 00:00,1524.537578,19.091
24-08-2022 00:00,1525.960899,19.123
25-08-2022 00:00,1533.436947,19.196
26-08-2022 00:00,1512.270241,18.913
29-08-2022 00:00,1503.161316,18.797
30-08-2022 00:00,1466.637015,18.406
31-08-2022 00:00,1425.757623,17.923
01-09-2022 00:00,1421.67387,17.834
02-09-2022 00:00,1438.567878,18.047
05-09-2022 00:00,1453.463748,18.216
06-09-2022 00:00,1436.837974,17.984
07-09-2022 00:00,1469.280491,18.447
08-09-2022 00:00,1480.23034,18.571
09-09-2022 00:00,1500.082734,18.832
12-09-2022 00:00,1574.890245,19.846
13-09-2022 00:00,1540.790829,19.356
14-09-2022 00:00,1561.392804,19.651
15-09-2022 00:00,1514.742169,18.97
16-09-2022 00:00,1559.846188,19.574
19-09-2022 00:00,1557.05378,19.535
20-09-2022 00:00,1538.866594,19.293
21-09-2022 00:00,1558.191742,19.465
22-09-2022 00:00,1594.741579,19.673
23-09-2022 00:00,1534.311887,18.887
26-09-2022 00:00,1504.755114,18.437
27-09-2022 00:00,1502.674817,18.387
28-09-2022 00:00,1534.039989,18.839
29-09-2022 00:00,1540.558431,18.907
30-09-2022 00:00,1554.640051,19.043
03-10-2022 00:00,1693.228887,20.777
04-10-2022 00:00,1712.572996,21.022
05-10-2022 00:00,1688.918873,20.685
06-10-2022 00:00,1696.5439,20.6
07-10-2022 00:00,1670.986305,20.175
10-10-2022 00:00,1618.504123,19.637
11-10-2022 00:00,1573.657667,19.127
12-10-2022 00:00,1566.983366,19.063
13-10-2022 00:00,1550.723067,18.867
14-10-2022 00:00,1507.842799,18.295
17-10-2022 00:00,1533.509316,18.657
18-10-2022 00:00,1544.76728,18.773
19-10-2022 00:00,1527.730381,18.407
20-10-2022 00:00,1541.722233,18.614
21-10-2022 00:00,1603.689089,19.429
24-10-2022 00:00,1597.55006,19.303
25-10-2022 00:00,1593.425145,19.327
26-10-2022 00:00,1609.653957,19.618
27-10-2022 00:00,1611.920648,19.552
28-10-2022 00:00,1583.955937,19.249
31-10-2022 00:00,1585.506076,19.165
01-11-2022 00:00,1623.432382,19.634
02-11-2022 00:00,1588.213959,19.157
03-11-2022 00:00,1608.579283,19.455
04-11-2022 00:00,1709.127301,20.856
07-11-2022 00:00,1699.449386,20.769
08-11-2022 00:00,1740.855548,21.385
09-11-2022 00:00,1711.885532,21.045
10-11-2022 00:00,1738.999422,21.607
11-11-2022 00:00,1748.619788,21.709
14-11-2022 00:00,1776.162236,21.93
15-11-2022 00:00,1750.417995,21.591
16-11-2022 00:00,1746.286645,21.428
17-11-2022 00:00,1709.33782,20.967
18-11-2022 00:00,1708.172175,20.954
21-11-2022 00:00,1705.090221,20.863
22-11-2022 00:00,1723.292907,21.089
23-11-2022 00:00,1762.058018,21.585
24-11-2022 00:00,1755.351508,21.497
25-11-2022 00:00,1752.554384,21.459
28-11-2022 00:00,1708.619409,20.926
29-11-2022 00:00,1732.294634,21.221
30-11-2022 00:00,1817.420724,22.353
01-12-2022 00:00,1842.468777,22.701
02-12-2022 00:00,1883.03503,23.127
05-12-2022 00:00,1822.705642,22.255
06-12-2022 00:00,1827.268058,22.183
07-12-2022 00:00,1868.887454,22.721
08-12-2022 00:00,1900.735264,23.101
09-12-2022 00:00,1935.446228,23.477
12-12-2022 00:00,1929.679272,23.349
13-12-2022 00:00,1952.516575,23.695
14-12-2022 00:00,1970.245997,23.883
15-12-2022 00:00,1910.789491,23.061
16-12-2022 00:00,1921.288605,23.237
19-12-2022 00:00,1898.315882,22.987
20-12-2022 00:00,1994.282341,24.133
21-12-2022 00:00,1985.694367,23.959
22-12-2022 00:00,1954.941913,23.589
23-12-2022 00:00,1960.531643,23.734
26-12-2022 00:00,1977.562198,23.854
27-12-2022 00:00,1988.741338,24.026
28-12-2022 00:00,1950.430703,23.541
29-12-2022 00:00,1977.866815,23.877
30-12-2022 00:00,1983.26925,23.967
02-01-2023 00:00,1993.466333,24.103
03-01-2023 00:00,1984.800475,23.977
04-01-2023 00:00,1968.207889,23.809
05-01-2023 00:00,1919.275285,23.223
06-01-2023 00:00,1960.662162,23.831
09-01-2023 00:00,1944.14054,23.657
10-01-2023 00:00,1928.118018,23.618
11-01-2023 00:00,1912.638932,23.43
12-01-2023 00:00,1931.201395,23.808
13-01-2023 00:00,1973.032019,24.273
16-01-2023 00:00,1984.082602,24.299
17-01-2023 00:00,1952.949341,23.955
18-01-2023 00:00,1913.42613,23.496
19-01-2023 00:00,1938.956273,23.867
20-01-2023 00:00,1938.976306,23.945
23-01-2023 00:00,1907.395468,23.407
24-01-2023 00:00,1928.503611,23.633
25-01-2023 00:00,1953.218197,23.965
26-01-2023 00:00,1948.012273,23.918
27-01-2023 00:00,1924.069438,23.604
30-01-2023 00:00,1923.741517,23.581
31-01-2023 00:00,1936.199863,23.679
01-02-2023 00:00,1965.710701,24.057
02-02-2023 00:00,1926.033371,23.475
03-02-2023 00:00,1844.429684,22.359
06-02-2023 00:00,1844.449012,22.288
07-02-2023 00:00,1838.452275,22.219
08-02-2023 00:00,1842.485828,22.29
09-02-2023 00:00,1810.70136,21.939
10-02-2023 00:00,1815.71385,22.01
13-02-2023 00:00,1817.739688,22.007
14-02-2023 00:00,1811.822672,21.864
15-02-2023 00:00,1790.600145,21.641
16-02-2023 00:00,1780.187105,21.527
17-02-2023 00:00,1799.656025,21.731
20-02-2023 00:00,1803.224439,21.805
21-02-2023 00:00,1811.442903,21.861
22-02-2023 00:00,1782.124023,21.514
23-02-2023 00:00,1761.908269,21.326
24-02-2023 00:00,1721.948261,20.763
27-02-2023 00:00,1705.031202,20.629
28-02-2023 00:00,1725.84555,20.885
01-03-2023 00:00,1728.927487,20.977
02-03-2023 00:00,1725.750073,20.955
03-03-2023 00:00,1737.213065,21.26
06-03-2023 00:00,1722.794819,21.047
07-03-2023 00:00,1649.78656,20.101
08-03-2023 00:00,1642.819484,20.043
09-03-2023 00:00,1647.670651,20.089
10-03-2023 00:00,1684.661017,20.54
13-03-2023 00:00,1795.986981,21.791
14-03-2023 00:00,1784.455789,21.681
15-03-2023 00:00,1803.786722,21.807
16-03-2023 00:00,1795.811992,21.735
17-03-2023 00:00,1865.815619,22.607
20-03-2023 00:00,1858.065786,22.514
21-03-2023 00:00,1855.033946,22.437
22-03-2023 00:00,1896.691611,22.983
23-03-2023 00:00,1895.974131,23.047
24-03-2023 00:00,1914.00178,23.243
27-03-2023 00:00,1901.063226,23.123
28-03-2023 00:00,1918.295749,23.347
29-03-2023 00:00,1917.459126,23.311
30-03-2023 00:00,1960.645623,23.881
31-03-2023 00:00,1979.159002,24.083
03-04-2023 00:00,1967.913714,23.958
04-04-2023 00:00,2051.808754,24.987
05-04-2023 00:00,2043.35252,24.934
06-04-2023 00:00,2043.333803,24.97
10-04-2023 00:00,2040.421525,24.888
11-04-2023 00:00,2056.765041,25.061
12-04-2023 00:00,2093.039334,25.537
13-04-2023 00:00,2107.450191,25.801
14-04-2023 00:00,2076.193824,25.367
17-04-2023 00:00,2050.777289,25.008
18-04-2023 00:00,2070.357002,25.215
19-04-2023 00:00,2079.685374,25.257
20-04-2023 00:00,2074.556884,25.256
21-04-2023 00:00,2059.553498,25.104
24-04-2023 00:00,2061.947587,25.191
25-04-2023 00:00,2057.011533,25.088
26-04-2023 00:00,2037.882679,24.923
27-04-2023 00:00,2036.665703,24.909
28-04-2023 00:00,2048.627735,25.061
01-05-2023 00:00,2041.511627,24.965
02-05-2023 00:00,2074.808666,25.371
03-05-2023 00:00,2099.380798,25.671
04-05-2023 00:00,2129.77323,26.063
05-05-2023 00:00,2096.940196,25.657
08-05-2023 00:00,2090.129395,25.555
09-05-2023 00:00,2105.263279,25.641
10-05-2023 00:00,2079.706848,25.387
11-05-2023 00:00,1983.959791,24.165
12-05-2023 00:00,1971.601255,23.969
15-05-2023 00:00,1981.159915,24.082
16-05-2023 00:00,1955.029715,23.756
17-05-2023 00:00,1959.121775,23.761
18-05-2023 00:00,1944.790253,23.509
19-05-2023 00:00,1975.788219,23.851
22-05-2023 00:00,1954.510249,23.598
23-05-2023 00:00,1945.119033,23.466
24-05-2023 00:00,1908.624396,23.075
25-05-2023 00:00,1879.49248,22.715
26-05-2023 00:00,1924.833182,23.313
29-05-2023 00:00,1911.147783,23.143
30-05-2023 00:00,1918.026547,23.197
31-05-2023 00:00,1946.72636,23.549
01-06-2023 00:00,1964.362181,23.875
02-06-2023 00:00,1945.78251,23.611
05-06-2023 00:00,1944.217296,23.563
06-06-2023 00:00,1948.340762,23.611
07-06-2023 00:00,1937.813399,23.455
08-06-2023 00:00,2002.079597,24.271
09-06-2023 00:00,2002.359028,24.293
12-06-2023 00:00,1983.426833,24.089
13-06-2023 00:00,1948.804805,23.682
14-06-2023 00:00,1962.850561,23.924
15-06-2023 00:00,1956.163159,23.881
16-06-2023 00:00,1982.669068,24.205
19-06-2023 00:00,1968.355056,24.009
20-06-2023 00:00,1899.01787,23.161
21-06-2023 00:00,1861.306851,22.715
22-06-2023 00:00,1821.645033,22.237
23-06-2023 00:00,1838.805201,22.436
26-06-2023 00:00,1866.963394,22.766
27-06-2023 00:00,1874.814847,22.864
28-06-2023 00:00,1864.468028,22.73
29-06-2023 00:00,1853.842707,22.587
30-06-2023 00:00,1868.264361,22.757
03-07-2023 00:00,1876.744965,22.901
04-07-2023 00:00,1883.790837,22.971
05-07-2023 00:00,1905.698921,23.129
06-07-2023 00:00,1880.752034,22.723
07-07-2023 00:00,1907.239896,23.075
10-07-2023 00:00,1909.39365,23.137
11-07-2023 00:00,1906.16267,23.133
12-07-2023 00:00,1979.775493,24.143
13-07-2023 00:00,2040.522369,24.875
14-07-2023 00:00,2047.199656,24.935
17-07-2023 00:00,2038.09059,24.836
18-07-2023 00:00,2056.077108,25.051
19-07-2023 00:00,2061.314122,25.119
20-07-2023 00:00,2036.142216,24.806
21-07-2023 00:00,2017.685045,24.605
24-07-2023 00:00,1988.91171,24.31
25-07-2023 00:00,2021.337447,24.665
26-07-2023 00:00,2042.753714,24.919
27-07-2023 00:00,1990.677875,24.166
28-07-2023 00:00,2003.107172,24.351
31-07-2023 00:00,2034.593497,24.739
01-08-2023 00:00,2008.247442,24.401
02-08-2023 00:00,1962.77074,23.724
03-08-2023 00:00,1954.212087,23.606
04-08-2023 00:00,1953.568961,23.627
07-08-2023 00:00,1914.550872,23.123
08-08-2023 00:00,1885.971458,22.763
09-08-2023 00:00,1880.822085,22.697
10-08-2023 00:00,1878.487003,22.687
11-08-2023 00:00,1882.037519,22.687
14-08-2023 00:00,1881.496658,22.605
15-08-2023 00:00,1876.422004,22.553
16-08-2023 00:00,1866.095908,22.419
17-08-2023 00:00,1887.915957,22.719
18-08-2023 00:00,1893.568047,22.771
21-08-2023 00:00,1937.298399,23.309
22-08-2023 00:00,1946.248201,23.429
23-08-2023 00:00,2007.740819,24.323
24-08-2023 00:00,1994.556223,24.135
25-08-2023 00:00,2001.217225,24.243
28-08-2023 00:00,2002.137493,24.212
29-08-2023 00:00,2039.251067,24.718
30-08-2023 00:00,2036.007302,24.619
31-08-2023 00:00,2019.689092,24.427
01-09-2023 00:00,2000.347835,24.181
04-09-2023 00:00,1982.424117,23.961
05-09-2023 00:00,1957.882097,23.564
06-09-2023 00:00,1925.832702,23.131
07-09-2023 00:00,1911.147338,22.959
08-09-2023 00:00,1905.973125,22.929
11-09-2023 00:00,1914.164182,23.079
12-09-2023 00:00,1910.638442,23.061
13-09-2023 00:00,1894.403274,22.84
14-09-2023 00:00,1878.936086,22.63
15-09-2023 00:00,1914.401664,23.04
18-09-2023 00:00,1938.28182,23.285
19-09-2023 00:00,1930.714012,23.205
20-09-2023 00:00,1923.054401,23.145
21-09-2023 00:00,1942.412006,23.436
22-09-2023 00:00,1957.205855,23.551
25-09-2023 00:00,1919.892285,23.123
26-09-2023 00:00,1904.79709,22.867
27-09-2023 00:00,1877.724308,22.559
28-09-2023 00:00,1886.571338,22.675
29-09-2023 00:00,1845.959367,22.193
02-10-2023 00:00,1741.412335,20.89
03-10-2023 00:00,1765.339563,21.211
04-10-2023 00:00,1756.957353,21.054
05-10-2023 00:00,1746.754634,20.988
06-10-2023 00:00,1795.332367,21.604
09-10-2023 00:00,1824.124668,21.906
10-10-2023 00:00,1815.444744,21.807
11-10-2023 00:00,1831.876902,22.051
12-10-2023 00:00,1818.706064,21.843
13-10-2023 00:00,1892.361215,22.723
16-10-2023 00:00,1877.41786,22.566
17-10-2023 00:00,1900.188155,22.824
18-10-2023 00:00,1906.512142,22.896
19-10-2023 00:00,1917.138493,23.064
20-10-2023 00:00,1944.894422,23.365
23-10-2023 00:00,1907.520882,22.974
24-10-2023 00:00,1904.98192,22.947
25-10-2023 00:00,1899.43771,22.843
26-10-2023 00:00,1902.427858,22.843
27-10-2023 00:00,1925.770938,23.087
30-10-2023 00:00,1938.335954,23.284
31-10-2023 00:00,1901.973681,22.839
01-11-2023 00:00,1918.749176,23.047
02-11-2023 00:00,1890.740948,22.715
03-11-2023 00:00,1931.361969,23.225
06-11-2023 00:00,1910.218667,22.953
07-11-2023 00:00,1883.145494,22.625
08-11-2023 00:00,1876.420885,22.548
09-11-2023 00:00,1885.888217,22.635
10-11-2023 00:00,1853.822583,22.255
13-11-2023 00:00,1857.805221,22.333
14-11-2023 00:00,1915.098461,23.067
15-11-2023 00:00,1950.553535,23.448
16-11-2023 00:00,1976.523558,23.779
17-11-2023 00:00,1974.930684,23.711
20-11-2023 00:00,1966.993077,23.607
21-11-2023 00:00,1983.716956,23.801
22-11-2023 00:00,1972.33062,23.607
23-11-2023 00:00,1975.008692,23.697
24-11-2023 00:00,2026.048091,24.318
27-11-2023 00:00,2056.308954,24.667
28-11-2023 00:00,2092.54931,25.085
29-11-2023 00:00,2080.168038,24.963
30-11-2023 00:00,2114.005126,25.362
01-12-2023 00:00,2120.416298,25.48
04-12-2023 00:00,2047.667895,24.543
05-12-2023 00:00,2015.073643,24.185
06-12-2023 00:00,1994.140743,23.93
07-12-2023 00:00,1981.425762,23.771
08-12-2023 00:00,1918.647759,22.997
11-12-2023 00:00,1901.629245,22.817
12-12-2023 00:00,1902.490259,22.814
13-12-2023 00:00,1985.563116,23.841
14-12-2023 00:00,2009.844304,24.128
15-12-2023 00:00,1983.124808,23.881
18-12-2023 00:00,1979.706418,23.815
19-12-2023 00:00,1998.013529,24.047
20-12-2023 00:00,2012.824069,24.173
21-12-2023 00:00,2033.155655,24.457
22-12-2023 00:00,2016.629715,24.199
25-12-2023 00:00,2016.019439,24.239
26-12-2023 00:00,2012.946627,24.199
27-12-2023 00:00,2023.506603,24.301
28-12-2023 00:00,1984.163064,23.937
29-12-2023 00:00,1981.072883,23.797
01-01-2024 00:00,1981.808684,23.819
02-01-2024 00:00,1968.289375,23.641
03-01-2024 00:00,1917.602526,23.022
04-01-2024 00:00,1917.819883,23.037
05-01-2024 00:00,1929.207407,23.19
08-01-2024 00:00,1920.164369,23.121
09-01-2024 00:00,1910.77408,22.985
10-01-2024 00:00,1902.352261,22.916
11-01-2024 00:00,1901.394279,22.888
12-01-2024 00:00,1922.058414,23.193
15-01-2024 00:00,1919.858091,23.17
16-01-2024 00:00,1903.662389,22.911
17-01-2024 00:00,1878.575608,22.597
18-01-2024 00:00,1893.405033,22.767
19-01-2024 00:00,1880.036994,22.617
22-01-2024 00:00,1834.496042,22.077
23-01-2024 00:00,1869.907254,22.469
24-01-2024 00:00,1884.503719,22.676
25-01-2024 00:00,1905.358189,22.915
26-01-2024 00:00,1894.838854,22.796
29-01-2024 00:00,1929.074567,23.199
30-01-2024 00:00,1924.757227,23.159
31-01-2024 00:00,1902.514542,22.907
01-02-2024 00:00,1920.665895,23.157
02-02-2024 00:00,1883.674787,22.695
05-02-2024 00:00,1854.391583,22.31
06-02-2024 00:00,1861.779408,22.412
07-02-2024 00:00,1841.349947,22.188
08-02-2024 00:00,1874.165409,22.585
09-02-2024 00:00,1877.046512,22.611
12-02-2024 00:00,1882.804339,22.687
13-02-2024 00:00,1834.292688,22.08
14-02-2024 00:00,1857.717502,22.378
15-02-2024 00:00,1906.072176,22.962
16-02-2024 00:00,1944.074543,23.418
19-02-2024 00:00,1905.739021,22.955
20-02-2024 00:00,1906.351884,23.005
21-02-2024 00:00,1899.85733,22.907
22-02-2024 00:00,1885.59913,22.753
23-02-2024 00:00,1902.22593,22.951
26-02-2024 00:00,1864.755591,22.507
27-02-2024 00:00,1861.356402,22.441
28-02-2024 00:00,1862.289801,22.461
29-02-2024 00:00,1879.251476,22.665
01-03-2024 00:00,1916.401768,23.132
04-03-2024 00:00,1985.653501,23.949
05-03-2024 00:00,1966.116271,23.721
06-03-2024 00:00,2002.157786,24.175
07-03-2024 00:00,2017.863359,24.393
08-03-2024 00:00,2010.551096,24.296
11-03-2024 00:00,2027.994146,24.499
12-03-2024 00:00,1999.893855,24.143
13-03-2024 00:00,2074.64158,25.046
14-03-2024 00:00,2061.284059,24.845
15-03-2024 00:00,2087.231686,25.181
18-03-2024 00:00,2077.065264,25.066
19-03-2024 00:00,2065.417262,24.879
20-03-2024 00:00,2135.257139,25.709
21-03-2024 00:00,2060.326375,24.759
22-03-2024 00:00,2062.009498,24.667
25-03-2024 00:00,2057.668106,24.667
26-03-2024 00:00,2037.117964,24.445
27-03-2024 00:00,2047.080115,24.557
28-03-2024 00:00,2083.246778,24.981
01-04-2024 00:00,2093.630677,25.091
02-04-2024 00:00,2179.861704,26.153
03-04-2024 00:00,2259.006337,27.095
04-04-2024 00:00,2239.392579,26.825
05-04-2024 00:00,2289.252825,27.483
08-04-2024 00:00,2321.913228,27.884
09-04-2024 00:00,2345.351044,28.181
10-04-2024 00:00,2327.807986,27.907
11-04-2024 00:00,2372.544941,28.465
12-04-2024 00:00,2331.000827,27.879
15-04-2024 00:00,2412.924652,28.895
16-04-2024 00:00,2357.673527,28.179
17-04-2024 00:00,2359.665703,28.227
18-04-2024 00:00,2359.568496,28.243
19-04-2024 00:00,2391.81484,28.689
22-04-2024 00:00,2277.888069,27.316
23-04-2024 00:00,2272.749238,27.287
24-04-2024 00:00,2266.274138,27.193
25-04-2024 00:00,2278.756781,27.361
26-04-2024 00:00,2269.97809,27.217
29-04-2024 00:00,2260.343262,27.088
30-04-2024 00:00,2200.439923,26.353
01-05-2024 00:00,2232.796021,26.77
02-05-2024 00:00,2225.647748,26.685
03-05-2024 00:00,2214.506683,26.559
06-05-2024 00:00,2293.004536,27.455
07-05-2024 00:00,2274.311898,27.249
08-05-2024 00:00,2280.423899,27.322
09-05-2024 00:00,2365.481421,28.342
10-05-2024 00:00,2353.431218,28.169
13-05-2024 00:00,2361.623288,28.281
14-05-2024 00:00,2389.859336,28.613
15-05-2024 00:00,2479.861539,29.733
16-05-2024 00:00,2477.190361,29.675
17-05-2024 00:00,2624.663465,31.509
20-05-2024 00:00,2646.678723,31.767
21-05-2024 00:00,2668.661127,32.03
22-05-2024 00:00,2574.031795,30.91
23-05-2024 00:00,2512.094954,30.162
24-05-2024 00:00,2521.248356,30.355
27-05-2024 00:00,2630.181143,31.633
28-05-2024 00:00,2667.195577,32.055
29-05-2024 00:00,2670.128013,32.029
30-05-2024 00:00,2598.286742,31.184
31-05-2024 00:00,2538.127909,30.411
03-06-2024 00:00,2554.858771,30.745
04-06-2024 00:00,2474.901319,29.577
05-06-2024 00:00,2502.598835,30.014
06-06-2024 00:00,2615.861629,31.339
07-06-2024 00:00,2436.564658,29.171
10-06-2024 00:00,2482.471163,29.719
11-06-2024 00:00,2449.477162,29.301
12-06-2024 00:00,2465.327907,29.541
13-06-2024 00:00,2415.36038,28.917
14-06-2024 00:00,2469.411189,29.556
17-06-2024 00:00,2463.096274,29.498
18-06-2024 00:00,2462.12793,29.531
19-06-2024 00:00,2483.489377,29.771
20-06-2024 00:00,2572.178119,30.767
21-06-2024 00:00,2469.20161,29.549
24-06-2024 00:00,2465.431274,29.545
25-06-2024 00:00,2408.468724,28.873
26-06-2024 00:00,2400.038465,28.715
27-06-2024 00:00,2420.83441,29.009
28-06-2024 00:00,2429.320523,29.141
01-07-2024 00:00,2458.362901,29.455
02-07-2024 00:00,2465.458891,29.529
03-07-2024 00:00,2547.598359,30.503
04-07-2024 00:00,2539.229043,30.409
05-07-2024 00:00,2606.253229,31.224
08-07-2024 00:00,2567.636132,30.765
09-07-2024 00:00,2571.891865,30.803
10-07-2024 00:00,2573.49069,30.817
11-07-2024 00:00,2626.911156,31.457
12-07-2024 00:00,2571.785171,30.793
15-07-2024 00:00,2564.096384,30.678
16-07-2024 00:00,2610.755296,31.253
17-07-2024 00:00,2533.16484,30.3
18-07-2024 00:00,2495.788269,29.822
19-07-2024 00:00,2447.183411,29.229
22-07-2024 00:00,2437.791446,29.129
23-07-2024 00:00,2446.707778,29.231
24-07-2024 00:00,2420.8991,28.907
25-07-2024 00:00,2333.149106,27.857
26-07-2024 00:00,2338.951292,27.937
29-07-2024 00:00,2334.016209,27.869
30-07-2024 00:00,2377.056413,28.387
31-07-2024 00:00,2428.305971,29.015
01-08-2024 00:00,2388.589958,28.527
02-08-2024 00:00,2394.267392,28.573
05-08-2024 00:00,2290.272441,27.262
06-08-2024 00:00,2265.5702,26.985
07-08-2024 00:00,2233.413926,26.605
08-08-2024 00:00,2314.313,27.546
09-08-2024 00:00,2305.239341,27.459
12-08-2024 00:00,2349.147665,27.983
13-08-2024 00:00,2336.863915,27.853
14-08-2024 00:00,2314.783545,27.562
15-08-2024 00:00,2381.145304,28.36
16-08-2024 00:00,2434.584658,29.031
19-08-2024 00:00,2468.580291,29.447
20-08-2024 00:00,2465.884373,29.438
21-08-2024 00:00,2483.258016,29.603
22-08-2024 00:00,2433.055467,28.989
23-08-2024 00:00,2500.584723,29.835
26-08-2024 00:00,2507.803134,29.903
27-08-2024 00:00,2515.433067,29.974
28-08-2024 00:00,2446.169155,29.137
29-08-2024 00:00,2467.720058,29.417
30-08-2024 00:00,2420.723766,28.862
02-09-2024 00:00,2393.019739,28.517
03-09-2024 00:00,2354.84538,28.049
04-09-2024 00:00,2373.847702,28.268
05-09-2024 00:00,2420.681311,28.817
06-09-2024 00:00,2346.656851,27.94
09-09-2024 00:00,2380.884717,28.352
10-09-2024 00:00,2385.324078,28.405
11-09-2024 00:00,2409.123892,28.683
12-09-2024 00:00,2507.57661,29.877
13-09-2024 00:00,2576.501082,30.716
16-09-2024 00:00,2576.312997,30.727
17-09-2024 00:00,2572.439589,30.699
18-09-2024 00:00,2517.520103,30.074
19-09-2024 00:00,2574.38585,30.787
20-09-2024 00:00,2602.883719,31.179
23-09-2024 00:00,2565.008897,30.699
24-09-2024 00:00,2683.488943,32.097
25-09-2024 00:00,2660.118281,31.809
26-09-2024 00:00,2677.388838,32.015
27-09-2024 00:00,2648.433166,31.635
30-09-2024 00:00,2611.497174,31.157
01-10-2024 00:00,2637.861978,31.438
02-10-2024 00:00,2672.299937,31.835
03-10-2024 00:00,2689.760372,32.027
04-10-2024 00:00,2705.182619,32.193
07-10-2024 00:00,2661.516236,31.685
08-10-2024 00:00,2574.463932,30.671
09-10-2024 00:00,2561.302246,30.509
10-10-2024 00:00,2616.233935,31.161
11-10-2024 00:00,2652.835179,31.542
14-10-2024 00:00,2622.720536,31.199
15-10-2024 00:00,2648.337079,31.505
16-10-2024 00:00,2663.441279,31.687
17-10-2024 00:00,2664.357836,31.696
18-10-2024 00:00,2834.297423,33.713
21-10-2024 00:00,2841.234337,33.793
22-10-2024 00:00,2930.656765,34.854
23-10-2024 00:00,2833.798432,33.705
24-10-2024 00:00,2830.890904,33.672
25-10-2024 00:00,2834.023557,33.699
28-10-2024 00:00,2831.514517,33.681
29-10-2024 00:00,2896.198715,34.457
30-10-2024 00:00,2840.242086,33.772
31-10-2024 00:00,2746.236448,32.663
01-11-2024 00:00,2728.032919,32.443
04-11-2024 00:00,2730.881881,32.449
05-11-2024 00:00,2746.690422,32.655
06-11-2024 00:00,2628.41413,31.175
07-11-2024 00:00,2701.029065,32.041
08-11-2024 00:00,2640.989521,31.297
11-11-2024 00:00,2590.875922,30.692
12-11-2024 00:00,2592.495837,30.723
13-11-2024 00:00,2560.13241,30.321
14-11-2024 00:00,2571.387684,30.447
15-11-2024 00:00,2553.630718,30.245
18-11-2024 00:00,2631.61205,31.179
19-11-2024 00:00,2634.0383,31.211
20-11-2024 00:00,2602.467307,30.847
21-11-2024 00:00,2602.442712,30.801
22-11-2024 00:00,2645.836358,31.336
25-11-2024 00:00,2553.391033,30.301
26-11-2024 00:00,2567.090433,30.445
27-11-2024 00:00,2542.114914,30.109
28-11-2024 00:00,2557.068561,30.271
29-11-2024 00:00,2592.031322,30.606
02-12-2024 00:00,2584.398853,30.505
03-12-2024 00:00,2627.941161,31.033
04-12-2024 00:00,2651.010614,31.296
05-12-2024 00:00,2653.507337,31.335
06-12-2024 00:00,2623.301176,30.983
09-12-2024 00:00,2700.966984,31.831
10-12-2024 00:00,2708.951583,31.915
11-12-2024 00:00,2707.204728,31.917
12-12-2024 00:00,2629.248499,30.987
13-12-2024 00:00,2592.9581,30.57
16-12-2024 00:00,2590.685048,30.521
17-12-2024 00:00,2593.020682,30.539
18-12-2024 00:00,2497.887465,29.353
19-12-2024 00:00,2471.128879,29.039
20-12-2024 00:00,2507.36861,29.515
23-12-2024 00:00,2522.142982,29.635
24-12-2024 00:00,2527.567832,29.677
25-12-2024 00:00,2535.46043,29.677
26-12-2024 00:00,2543.049013,29.809
27-12-2024 00:00,2507.799563,29.375
30-12-2024 00:00,2475.590324,28.956
31-12-2024 00:00,2474.456064,28.915
01-01-2025 00:00,2485.503039,28.915
02-01-2025 00:00,2537.616144,29.571
03-01-2025 00:00,2540.305846,29.621
06-01-2025 00:00,2567.842995,29.951
07-01-2025 00:00,2578.12215,30.053
08-01-2025 00:00,2586.719892,30.109
09-01-2025 00:00,2587.900002,30.122
10-01-2025 00:00,2622.925489,30.431
13-01-2025 00:00,2566.394439,29.615
14-01-2025 00:00,2586.78296,29.895
15-01-2025 00:00,2649.473054,30.652
16-01-2025 00:00,2668.499969,30.809
17-01-2025 00:00,2628.942291,30.361
20-01-2025 00:00,2634.448837,30.557
21-01-2025 00:00,2663.899399,30.813
22-01-2025 00:00,2665.065499,30.82
23-01-2025 00:00,2632.582479,30.449
24-01-2025 00:00,2636.760192,30.593
27-01-2025 00:00,2608.532462,30.195
28-01-2025 00:00,2634.328849,30.425
29-01-2025 00:00,2670.671278,30.839
30-01-2025 00:00,2742.944455,31.649
31-01-2025 00:00,2715.621094,31.323
03-02-2025 00:00,2745.031868,31.586
04-02-2025 00:00,2800.125527,32.141
05-02-2025 00:00,2821.371478,32.303
06-02-2025 00:00,2821.647013,32.217
07-02-2025 00:00,2793.014989,31.815
10-02-2025 00:00,2803.465443,32.049
11-02-2025 00:00,2762.230189,31.825
12-02-2025 00:00,2803.423414,32.23
13-02-2025 00:00,2798.980414,32.324
14-02-2025 00:00,2786.214116,32.148
17-02-2025 00:00,2814.057631,32.401
18-02-2025 00:00,2859.897409,32.909
19-02-2025 00:00,2840.815086,32.697
20-02-2025 00:00,2849.251552,32.951
21-02-2025 00:00,2815.667379,32.495
24-02-2025 00:00,2803.066035,32.35
25-02-2025 00:00,2764.854371,31.753
26-02-2025 00:00,2778.531085,31.868
27-02-2025 00:00,2730.891508,31.272
28-02-2025 00:00,2725.36043,31.157
03-03-2025 00:00,2767.517971,31.683
04-03-2025 00:00,2788.747882,31.979
05-03-2025 00:00,2838.050841,32.675
06-03-2025 00:00,2845.75793,32.653
07-03-2025 00:00,2836.44664,32.547
10-03-2025 00:00,2805.323656,32.125
11-03-2025 00:00,2869.309817,32.927
12-03-2025 00:00,2889.882885,33.157
13-03-2025 00:00,2942.532629,33.852
14-03-2025 00:00,2942.871416,33.847
17-03-2025 00:00,2932.582317,33.8565
18-03-2025 00:00,2944.17505,34.0105
19-03-2025 00:00,2917.869543,33.8075
20-03-2025 00:00,2899.556485,33.5895
21-03-2025 00:00,2840.482843,33.0325
24-03-2025 00:00,2823.973914,33.0215
25-03-2025 00:00,2886.653443,33.731
26-03-2025 00:00,2882.982733,33.6365
27-03-2025 00:00,2947.675899,34.405
28-03-2025 00:00,2919.107438,34.1265
31-03-2025 00:00,2912.404458,34.0915
01-04-2025 00:00,2883.838802,33.695
02-04-2025 00:00,2908.541311,33.9425
03-04-2025 00:00,2716.515853,31.8535
04-04-2025 00:00,2529.634039,29.575
07-04-2025 00:00,2588.014944,30.0915
08-04-2025 00:00,2578.274216,29.827
09-04-2025 00:00,2672.932516,31.016
10-04-2025 00:00,2696.108719,31.2205
11-04-2025 00:00,2775.922257,32.2905
14-04-2025 00:00,2783.37751,32.349
15-04-2025 00:00,2769.904095,32.311
16-04-2025 00:00,2805.187718,32.763
17-04-2025 00:00,2779.8914,32.56
18-04-2025 00:00,2779.635268,32.557
21-04-2025 00:00,2783.19076,32.681
22-04-2025 00:00,2770.872473,32.505
23-04-2025 00:00,2870.446176,33.573
24-04-2025 00:00,2861.336401,33.5745
25-04-2025 00:00,2825.742773,33.094
28-04-2025 00:00,2828.650199,33.1475
29-04-2025 00:00,2805.141467,32.935
30-04-2025 00:00,2758.174941,32.6175
01-05-2025 00:00,2742.088216,32.3785
02-05-2025 00:00,2710.781026,32.0165
05-05-2025 00:00,2736.361534,32.4895
06-05-2025 00:00,2816.019761,33.225
07-05-2025 00:00,2753.011284,32.458
08-05-2025 00:00,2794.400874,32.4575
09-05-2025 00:00,2795.895428,32.727
12-05-2025 00:00,2769.100179,32.5955
13-05-2025 00:00,2798.792747,32.9075
14-05-2025 00:00,2755.974261,32.2385
15-05-2025 00:00,2788.727328,32.64
16-05-2025 00:00,2763.969899,32.2895
19-05-2025 00:00,2761.495546,32.352
20-05-2025 00:00,2831.17367,33.0923
21-05-2025 00:00,2857.887185,33.38585
22-05-2025 00:00,2841.875528,33.055
23-05-2025 00:00,2849.111838,33.489
26-05-2025 00:00,2849.028319,33.47
27-05-2025 00:00,2839.629162,33.26645
28-05-2025 00:00,2815.174808,32.9689
29-05-2025 00:00,2844.298175,33.32025
30-05-2025 00:00,2822.695842,32.9875
02-06-2025 00:00,2967.916786,34.7644
03-06-2025 00:00,2958.652124,34.5202
04-06-2025 00:00,2963.038244,34.488
05-06-2025 00:00,3062.744107,35.66045
06-06-2025 00:00,3086.555939,35.9785
09-06-2025 00:00,3147.576207,36.7557
10-06-2025 00:00,3122.620846,36.499
11-06-2025 00:00,3096.886913,36.2415
12-06-2025 00:00,3110.590451,36.34655
13-06-2025 00:00,3118.431878,36.3055
16-06-2025 00:00,3123.558196,36.3215
17-06-2025 00:00,3211.633683,37.11835
18-06-2025 00:00,3178.346105,36.7407
19-06-2025 00:00,3154.792043,36.3855
20-06-2025 00:00,3117.776087,35.9985
23-06-2025 00:00,3115.649385,36.097
24-06-2025 00:00,3087.40539,35.92195
25-06-2025 00:00,3118.155935,36.2672
26-06-2025 00:00,3142.486891,36.69025
27-06-2025 00:00,3077.063808,35.984
30-06-2025 00:00,3093.780124,36.10075
01-07-2025 00:00,3083.946011,36.0329
02-07-2025 00:00,3129.196077,36.5603
03-07-2025 00:00,3147.354487,36.8495
04-07-2025 00:00,3164.376195,36.945
07-07-2025 00:00,3158.673363,36.7746
08-07-2025 00:00,3150.476672,36.75875
09-07-2025 00:00,3119.41215,36.38715
10-07-2025 00:00,3174.705011,37.035
11-07-2025 00:00,3296.629695,38.408
14-07-2025 00:00,3276.669958,38.11555
15-07-2025 00:00,3241.73252,37.7
16-07-2025 00:00,3255.174544,37.907
17-07-2025 00:00,3282.930694,38.15305
18-07-2025 00:00,3288.100408,38.167
21-07-2025 00:00,3359.88205,38.941
22-07-2025 00:00,3393.085765,39.2965
23-07-2025 00:00,3390.642738,39.253
24-07-2025 00:00,3376.050631,39.0545
25-07-2025 00:00,3301.98679,38.172
28-07-2025 00:00,3310.582083,38.1525
29-07-2025 00:00,3323.667338,38.17795
30-07-2025 00:00,3254.288837,37.1195
31-07-2025 00:00,3211.664904,36.709
01-08-2025 00:00,3227.964641,37.032
04-08-2025 00:00,3290.138411,37.425
05-08-2025 00:00,3316.437895,37.815
06-08-2025 00:00,3314.903395,37.793
07-08-2025 00:00,3346.706871,38.287
08-08-2025 00:00,3364.797851,38.355
11-08-2025 00:00,3299.754122,37.6385
12-08-2025 00:00,3321.463351,37.9135
13-08-2025 00:00,3368.038311,38.5135
14-08-2025 00:00,3332.709757,38.005
15-08-2025 00:00,3326.780045,38.0145
18-08-2025 00:00,3319.399103,38.018
19-08-2025 00:00,3254.472007,37.3775
20-08-2025 00:00,3293.960468,37.8535
21-08-2025 00:00,3331.140948,38.16
22-08-2025 00:00,3397.713503,38.906
25-08-2025 00:00,3381.74775,38.5985
26-08-2025 00:00,3383.739859,38.61
27-08-2025 00:00,3383.640449,38.599
28-08-2025 00:00,3421.457644,39.057
29-08-2025 00:00,3502.828458,39.729
01-09-2025 00:00,3584.278694,40.73
02-09-2025 00:00,3599.169325,40.9
03-09-2025 00:00,3629.502754,41.21
04-09-2025 00:00,3587.088125,40.673
05-09-2025 00:00,3619.89187,41.0423
08-09-2025 00:00,3638.676198,41.352
09-09-2025 00:00,3608.166162,40.8865
10-09-2025 00:00,3624.732619,41.165
11-09-2025 00:00,3668.271713,41.557
12-09-2025 00:00,3725.524863,42.2025
15-09-2025 00:00,3765.468015,42.73
16-09-2025 00:00,3740.886618,42.5665
17-09-2025 00:00,3662.508503,41.662
18-09-2025 00:00,3688.751919,41.82
19-09-2025 00:00,3797.081035,43.0995
22-09-2025 00:00,3890.910511,44.063
23-09-2025 00:00,3910.54248,44.0335
24-09-2025 00:00,3898.437379,43.91
25-09-2025 00:00,4011.529698,45.1915
26-09-2025 00:00,4085.18816,46.068
29-09-2025 00:00,4168.460604,46.992
30-09-2025 00:00,4140.528451,46.6065
01-10-2025 00:00,4196.470708,47.3195
02-10-2025 00:00,4168.918873,46.98975
03-10-2025 00:00,4257.96577,47.985
06-10-2025 00:00,4318.134646,48.67075
07-10-2025 00:00,4245.078223,47.8375
08-10-2025 00:00,4340.026074,48.896
09-10-2025 00:00,4369.524011,49.17
10-10-2025 00:00,4442.083474,50.0475
13-10-2025 00:00,4639.338423,52.3255
14-10-2025 00:00,4544.782173,51.1905
15-10-2025 00:00,4668.51938,53.162
16-10-2025 00:00,4772.959394,54.244
17-10-2025 00:00,4568.714681,51.915
20-10-2025 00:00,4610.477453,52.4414
21-10-2025 00:00,4288.616295,48.7224
22-10-2025 00:00,4253.775004,48.4814
23-10-2025 00:00,4291.971318,48.895
24-10-2025 00:00,4268.055269,48.6025
27-10-2025 00:00,4125.62966,46.7645
28-10-2025 00:00,4154.515595,47.084
29-10-2025 00:00,4203.938088,47.555
30-10-2025 00:00,4335.26494,48.914
31-10-2025 00:00,4320.48219,48.6751
03-11-2025 00:00,4261.96881,48.0365
04-11-2025 00:00,4184.592124,47.1595
05-11-2025 00:00,4251.251612,48.0065
06-11-2025 00:00,4258.626307,48.026
07-11-2025 00:00,4286.615011,48.346
10-11-2025 00:00,4479.7035,50.5
11-11-2025 00:00,4532.061737,51.2291
12-11-2025 00:00,4720.049553,53.2795
13-11-2025 00:00,4643.149015,52.2775
14-11-2025 00:00,4481.975165,50.538
17-11-2025 00:00,4450.682852,50.2125
18-11-2025 00:00,4488.620301,50.6945
19-11-2025 00:00,4544.641966,51.3565
20-11-2025 00:00,4494.021856,50.6575
21-11-2025 00:00,4461.956745,49.78715
24-11-2025 00:00,4579.695569,51.37295
25-11-2025 00:00,4588.783855,51.4723
26-11-2025 00:00,4757.825391,53.36245
27-11-2025 00:00,4771.84269,53.4
28-11-2025 00:00,5040.156648,56.4045
01-12-2025 00:00,5197.397688,57.999
02-12-2025 00:00,5257.988975,58.4758
03-12-2025 00:00,5274.212433,58.491
04-12-2025 00:00,5132.114659,57.1275
05-12-2025 00:00,5245.345197,58.3085
08-12-2025 00:00,5242.615423,58.16665
09-12-2025 00:00,5457.263806,60.692
10-12-2025 00:00,5551.200925,61.819
11-12-2025 00:00,5738.971099,63.5815
12-12-2025 00:00,5607.884815,61.9355
15-12-2025 00:00,5818.164811,64.097
16-12-2025 00:00,5796.72951,63.7365
17-12-2025 00:00,5989.019741,66.217
18-12-2025 00:00,5909.635606,65.4845
19-12-2025 00:00,6017.179332,67.173
22-12-2025 00:00,6180.26285,68.9738
23-12-2025 00:00,6393.722657,71.46595
24-12-2025 00:00,6449.903614,71.8015
26-12-2025 00:00,7121.919272,79.321
29-12-2025 00:00,6492.06063,72.213
30-12-2025 00:00,6843.843904,76.2465
31-12-2025 00:00,6442.432132,71.593
01-01-2026 00:00,6465.921795,71.593
02-01-2026 00:00,6558.027199,72.856
05-01-2026 00:00,6910.25041,76.582
06-01-2026 00:00,7322.864879,81.26805
07-01-2026 00:00,7030.152194,78.2167
08-01-2026 00:00,6919.648945,76.99205
09-01-2026 00:00,7213.659788,79.9135
12-01-2026 00:00,7682.168129,85.2145
13-01-2026 00:00,7848.716831,86.936
14-01-2026 00:00,8412.725566,93.2175
15-01-2026 00:00,8349.64445,92.406
16-01-2026 00:00,8175.209533,90.1535
19-01-2026 00:00,8579.449229,94.3785
20-01-2026 00:00,8618.122393,94.5725
21-01-2026 00:00,8524.12657,93.1135
22-01-2026 00:00,8807.911113,96.188
23-01-2026 00:00,9457.552627,103.1821
26-01-2026 00:00,9535.578837,103.972
27-01-2026 00:00,10257.58903,112.211
28-01-2026 00:00,10734.79777,116.6085
29-01-2026 00:00,10634.31609,115.8645
30-01-2026 00:00,7817.902204,85.2745
02-02-2026 00:00,7145.960954,79.2755
03-02-2026 00:00,7702.034895,85.1775
04-02-2026 00:00,7977.785147,88.209
05-02-2026 00:00,6403.479924,70.8975
06-02-2026 00:00,7045.953883,77.8086
09-02-2026 00:00,7565.67095,83.36235
10-02-2026 00:00,7318.590682,80.789
11-02-2026 00:00,7650.389982,84.3145
12-02-2026 00:00,6812.884357,75.227
13-02-2026 00:00,7005.361876,77.36
16-02-2026 00:00,6948.523787,76.543
17-02-2026 00:00,6665.782762,73.5475
18-02-2026 00:00,7012.048114,77.2215
19-02-2026 00:00,7151.335508,78.553
20-02-2026 00:00,7679.514967,84.645
23-02-2026 00:00,8027.335151,88.1975
24-02-2026 00:00,7920.533897,87.117
25-02-2026 00:00,8113.502364,89.263
26-02-2026 00:00,8030.989536,88.2585
27-02-2026 00:00,8541.971977,93.7845
02-03-2026 00:00,8179.845018,89.314
03-03-2026 00:00,7544.221818,82.014
04-03-2026 00:00,7697.111135,83.5525
05-03-2026 00:00,7572.411518,82.5005
06-03-2026 00:00,7768.974835,84.5066
09-03-2026 00:00,7965.435762,87.0285
10-03-2026 00:00,8018.383983,87.178
11-03-2026 00:00,7905.621023,85.71075
12-03-2026 00:00,7724.03927,83.712
13-03-2026 00:00,7457.967207,80.60345
16-03-2026 00:00,7466.062734,80.9185
17-03-2026 00:00,7326.937782,79.3275
18-03-2026 00:00,7015.238798,75.30005
19-03-2026 00:00,6766.886144,72.8425
20-03-2026 00:00,6354.848627,67.8495
23-03-2026 00:00,6451.409013,69.1605
24-03-2026 00:00,6704.770052,71.2945
25-03-2026 00:00,6683.232559,71.27755
26-03-2026 00:00,6411.762439,68.102
27-03-2026 00:00,6618.105313,69.8985
30-03-2026 00:00,6608.780074,70.087
31-03-2026 00:00,7024.685341,75.1425
01-04-2026 00:00,6956.276215,75.088
02-04-2026 00:00,6789.426689,73.0252
03-04-2026 00:00,6775.967196,73.0455
